,product
0,"['海的 - 酸菜鱸魚(急凍18℃)#加州無骨鱸魚片#快煮5分鐘#2-3人份#金湯醬包#低脂美食', '$ 79.00']"
1,"['大街市 - 紐西蘭 Hoki 鱈魚柳 (MSC 可持續海產品)(急凍-18°C)#海鮮#氣炸', '$ 39.90']"
2,"['foodies - 格靈蘭比目魚扒(急凍-18°C)#海鮮#煎焗#蒸', '$ 42.90']"
3,"['寶達 - 黃立倉 (已去除魚鱗及內臟) (冰鮮 0-4度)', '$ 30.08']"
4,"['海產佬市集 - 黃花魚 (急凍-18°C)', '$ 24.80']"
5,"['MyFridge - 挪威高級野生比目魚塊 100%天然 約450 - 480g #無添加#無防腐劑', '$ 60.00']"
6,"['寶達 - 盲鰽魚 (已去除魚鱗及內臟) (冰鮮 0-4度)', '$ 38.00']"
7,"['渡邊水產 - 野生石班魚柳(急凍-18°C)#海鮮#氣炸#煎焗', '$ 44.90']"
8,"['大街市 - 越南鯰魚柳 ASC (急凍-18°C)#海鮮#氣炸#煎焗', '$ 37.90']"
9,"['大街市 - 智利三文魚扒(急凍-18°C)#海鮮#鐵板#煎焗', '$ 59.90']"
10,"['Phoebus Selection - 挪威三文魚柳 (急凍-18°C)', '$ 40.00']"
11,"['Phoebus Selection - 挪威三文魚柳 (連皮) (急凍-18°C)#海鮮#氣炸#香煎', '$ 99.90']"
12,"['大街市 - 石班魚柳 (急凍-18°C)#海鮮#氣炸', '$ 39.90']"
13,"['大街市 - 格靈蘭比目魚 (3-4塊) (急凍-18°C)#海鮮#鐵板', '$ 67.90']"
14,"['為食熊 - 【炭火直烤】江戶前原條炭火蒲燒鰻魚1條 (125g±15g/條) (急凍-18°C) #氣炸 #鰻魚丼 #即食 #燒物 #日式串燒 #刺身 #魚生 #魚柳 #海鮮 #日本料理 #焗叮蒸氣炸微波爐', '$ 47.90']"
15,"['海產佬市集 - 急凍印尼海捕芝麻斑魚柳 350g (急凍-18°C)', '$ 64.80']"
16,"['大街市 - 美國阿拉斯加銀鱈魚扒 (急凍)', '$ 99.90']"
17,"['寶達 - 多寶魚 (已去除魚鱗及內臟) (冰鮮 0-4度)', '$ 65.32']"
18,"['PrimeFood - 越南特級鯰魚柳 (急凍:存放-18℃)#海鮮#蒸#煎#焗#煮#烤', '$ 20.00']"
19,"['四寶食品 - 挪威優質比目魚扒-400G(急凍) #海鮮#氣炸#煎# 炒', '$ 76.00']"
20,"['意記 - 加拿大多春魚(8條)(170g) (急凍-18°C)', '$ 28.00']"
21,"['寶豐食品 - 挪威優質比目魚扒-400G(急凍) #海鮮#氣炸#煎# 炒', '$ 76.00']"
22,"['LALA Food - 挪威優質比目魚扒-400G(急凍) #海鮮#氣炸#煎# 炒', '$ 76.00']"
23,"['四寶食品 - 智利優質三文魚扒-400G(急凍) #海鮮#氣炸#煎#炒', '$ 83.00']"
24,"['同聯急涷食品 - 挪威優質三文魚扒-400G(急凍) #海鮮#氣炸#煎#炒', '$ 83.00']"
25,"['LALA Food - 智利優質三文魚扒-400G(急凍) #海鮮#氣炸#煎#炒', '$ 83.00']"
26,"['同聯急涷食品 - 挪威優質比目魚扒-400G(急凍) #海鮮#氣炸#煎# 炒', '$ 76.00']"
27,"['寶豐食品 - 智利優質三文魚扒-400G(急凍) #海鮮#氣炸#煎#炒', '$ 83.00']"
28,"['Feldts - 挪威無皮特級三文魚柳 125克 4件裝 (急凍-18°C) (最佳食用限期: 2023年9月16日)', '$ 139.00']"
29,"['PrimeFood - 智利三文魚扒 (急凍:存放-18℃)#海鮮#鐵板#煎#焗', '$ 55.90']"
30,"['PrimeFood - 挪威 HOFSETH 帶皮三文魚柳 (急凍:存放-18℃)#海鮮#氣炸#煎#焗', '$ 105.50']"
31,"['PrimeFood - 北大西洋比目魚扒 [此日期前最佳: 2023年4月18日] (急凍:存放-18℃)#海鮮#煎#焗', '$ 22.50']"
32,"['尚上品 - 優質美國天然野生有皮紅三文魚柳 (320克/包) (急凍)', '$ 89.80']"
33,"['漁鮮快遞  - 鯖魚柳1邊 (100g)(急凍)', '$ 13.00']"
34,"['漁鮮快遞  - 半條三文魚(刺身或魚柳)(急凍)', '$ 698.00']"
35,"['漁鮮快遞  - 加拿大多春魚 (100g)(急凍)', '$ 26.00']"
36,"['LEADER MARINE - 抗疫至抵海陸套餐A - 急凍豬扒配鯖魚', '$ 93.00']"
37,"['Grants - 蘇格蘭Grants T 古法繩掛煙三文魚切片 100g (急凍-18°C) (5060270511991)', '$ 95.00']"
38,"['漁鮮快遞 - 挪威三文魚魚皮80g up-帶鱗(急凍)', '$ 8.80']"
39,"['尚上品 - 1級！美國銀鱈魚扒/銀雪魚扒 (250-300克) (急凍) #A級 #野生 #海鮮 #香煎 #焗 #西京燒 #煙薰 #照燒 #健康', '$ 162.00']"
40,"['Leroy - 急凍挪威三文魚柳500g', '$ 138.00']"
41,"['PrimeFood - 挪威 HOFSETH 去皮鱈魚柳 (急凍:存放-18℃)#海鮮#氣炸#煎#焗', '$ 109.90']"
42,"['寶達 - 西班牙吞拿魚扒 125g', '$ 38.00']"
43,"['Hong Kong - Phoebus Selection 急凍挪威三文魚柳(帶皮) (2條裝) 240g', '$ 62.00']"
44,"['漁鮮快遞 - 急凍三文魚腩條(500g)(急凍)', '$ 58.00']"
45,"['PrimeFood - 智利 Nova Marine 帶皮三文魚柳 (急凍:存放-18℃)#海鮮#氣炸#煎#焗', '$ 77.00']"
46,"['PrimeFood - 智利 煙三文魚(香草味) (急凍:存放-18℃)', '$ 52.50']"
47,"['寶達 - 加拿大多春魚 10條 (急凍)', '$ 29.20']"
48,"['寶達 - 西班牙吞拿魚日式TATAKI 185g', '$ 60.00']"
49,"['漁鮮快遞  - 挪威優質三文魚柳1塊 (250g)(急凍)', '$ 98.00']"
50,"['Feldts - 瑞典急凍無骨鱈魚塊400克 (急凍-18°C) (最佳食用限期: 2023年8月30日)', '$ 88.80']"
51,"['PrimeFood - 西班牙 Ferrer 熟章魚片 [此日期前最佳: 2023年4月30日] (急凍:存放-18℃)', '$ 35.00']"
52,"['PrimeFood - 西班牙 Ferrer 鱈魚柳 (急凍:存放-18℃)#海鮮#氣炸#煎#焗', '$ 62.90']"
53,"['尚品 - 挪威三文魚柳(急凍)(300克)(急凍-18度)', '$ 78.00']"
54,"['FoodWise - 大西洋三文魚扒320g', '$ 69.90']"
55,"['寶達 - 西班牙爆谷吞拿魚粒 200g', '$ 48.00']"
56,"['PrimeFood - 西班牙 Ferrer 優質三文魚柳 (急凍:存放-18℃)#海鮮#氣炸#煎#焗', '$ 80.50']"
57,"['PrimeFood - 冰島 多春魚 (急凍:存放-18℃)#海鮮', '$ 33.50']"
58,"['PrimeFood - 美國 Nova Marine 天然野生銀鱈魚扒 (急凍:存放-18℃)#海鮮#鐵板#氣炸#煎#焗', '$ 110.00']"
59,"['漁鮮快遞  - ((2包裝)) 鯖魚柳1邊 (100g)(急凍)', '$ 25.00']"
60,"['漁鮮快遞  - 西班牙鱈魚柳(有皮)270g', '$ 98.00']"
61,"['Iceland - 冰島格凌蘭 有皮去骨比目魚柳 3片裝', '$ 76.00']"
62,"['漁鮮快遞 - ((4包裝)) 挪威三文魚魚皮-帶鱗(急凍)', '$ 40.00']"
63,"['FoodWise - 大西洋鯖魚柳 140g', '$ 21.90']"
64,"['四寶食品 - 挪威海產福袋 - 挪威優質三文魚扒-400G + 挪威優質比目魚扒-400G (急凍-18度) #海鮮#氣炸#煎#炒', '$ 139.00']"
65,"['零食大王 - 格靈蘭比目魚扒 約454g (急凍-18°C) (4897010670233)#海鮮#氣炸#煎焗', '$ 66.90']"
66,"['零食大王 - 加拿大野生黃尾鰈魚柳 約400G (急凍-18°C)(4897010672695) #海鮮', '$ 60.00']"
67,"['零食大王 - 加拿大多春魚 約280g (急凍-18°C)(4897010674613) #海鮮 #燒烤', '$ 35.90']"
68,"['寶達 - 西班牙吞拿魚漢堡 2塊 170g', '$ 40.00']"
69,"['尚品 - 加拿大比目魚扒(360克)(急凍-18℃) #肉質嫩滑 #香煎可口 #海鮮 #煎焗', '$ 78.00']"
70,"['漁鮮快遞 - 急凍三文魚柳250g(2件裝)(急凍)', '$ 80.00']"
71,"['FoodWise - 美國 急凍銀鱈魚扒 200Gram', '$ 118.00']"
72,"['尚品 - 挪威三文魚柳切件(4塊)(480克)(急凍-18℃) #海鮮 #氣炸 #香煎 #方便易煮', '$ 118.00']"
73,"['尚品 - 美國銀雪魚扒(300克)(急凍-18℃) #海鮮 #鐵板 #氣炸 #煎焗 #香煎 #煎焗', '$ 128.00']"
74,"['零食大王 - Isfjord - 挪威三文魚柳 4片(120g x 4) (急凍-18°C) (4897010673197)#海鮮#氣炸#煎焗', '$ 129.00']"
75,"['PrimeFood - 西班牙 Ferrer 熟章魚 (急凍:存放-18℃)#海鮮', '$ 145.00']"
76,"['寶達 - 美國銀鱈魚扒 300g (急凍)', '$ 175.60']"
77,"['Pacific West - [新包裝登場]香酥炸魚手指 (急凍-18°C)#炸物#氣炸', '$ 39.90']"
78,"['海產佬 - 酸菜魚湯包 (翻熱即食) 附酸菜湯料及鮮滑生魚片 (急凍)', '$ 39.90']"
79,"['卡美 - 煙挪威三文魚切片 (急凍-18°C)#海鮮#沙律', '$ 37.90']"
80,"['Norsk Sjømat AS - 挪威煙三文魚切片(急凍-18°C)#海鮮#沙律', '$ 40.00']"
81,"['Storm Seafood - 挪威去皮三文魚塊 (急凍-18°C)#無皮#海鮮#煎焗', '$ 109.90']"
82,"['大街市 - 挪威三文魚柳(急凍-18°C)', '$ 89.90']"
83,"['大街市 - 挪威三文魚柳(急凍-18°C)#海鮮#鐵板#煎焗', '$ 40.00']"
84,"['大街市 - 美國阿拉斯加銀鱈魚柳 (3件裝)(急凍)', '$ 89.90']"
85,"['鮮魚薈 - 冰鮮鮮滑生魚片 ( 冰鮮0-4°C)', '$ 39.90']"
86,"['卡美 - 煙刁草挪威三文魚切片 (急凍-18°C)#海鮮#沙律#煎焗', '$ 39.90']"
87,"['大街市 - 脆肉鯇魚片(急凍-18°C)', '$ 40.00']"
88,"['Fine Food - 正宗酸菜魚 (急凍)', '$ 59.90']"
89,"['Isfjord - 挪威三文魚柳 (連皮) (急凍-18°C)', '$ 109.90']"
90,"['卡美 - 煙挪威三文魚切片 (急凍-18°C)#海鮮#沙律#煙三文魚', '$ 79.90']"
91,"['尚煮食品 - 挪威煙三文魚 (鱒魚/連包裝約400-500g /-18°C)', '$ 118.00']"
92,"['大街市 - 多春魚(急凍-18°C)', '$ 39.90']"
93,"['大街市 - 特大蒲燒鰻魚 (急凍-18°C)#海鮮#氣炸', '$ 89.90']"
94,"['大街市 - 海捕盲曹魚柳 (急凍-18°C)#海鮮#氣炸#煎焗', '$ 39.90']"
95,"['大街市 - 美國銀鱈魚扒 (急凍-18°C)#海鮮#鐵板#氣炸#煎焗', '$ 119.90']"
96,"['德仕高 - 挪威煙三文魚500克 (淨重約400克) (急凍)', '$ 117.00']"
97,"['大街市 - 挪威4片裝三文魚柳(急凍-18°C)#海鮮#煎焗', '$ 109.90']"
98,"['尚煮食品 - 加拿大野生三文魚柳 ( 4件 /-18°C)', '$ 178.00']"
99,"['漁嘩啦 - 四川黃金湯酸菜魚(急凍-18°C)', '$ 60.00']"
100,"['卡美 - 煙黑椒挪威三文魚切片 (急凍-18°C)#海鮮#沙律#煎焗', '$ 39.90']"
101,"['海產佬市集 - 印尼海捕鮫魚扒(2塊裝)300g(急凍-18°C)', '$ 40.00']"
102,"['鮮魚薈 - 冰鮮脆肉鯇魚片 (冰鮮0-4°C)', '$ 56.00']"
103,"['海產佬市集 - 全天然系列急凍格靈蘭比目魚塊(帶皮)(急凍-18°C)', '$ 55.00']"
104,"['鮮魚薈 - 冰鮮一夜干黃花魚 (去鱗去腮去骨去臟)(冰鮮0-4°C)', '$ 40.00']"
105,"['渡邊水產 - 火鍋魚肚', '$ 55.90']"
106,"['鮮魚薈 - 冰鮮純大眼雞海魚湯(冰鮮0-4°C)', '$ 40.00']"
107,"['鮮魚薈 - 冰鮮黃花魚(去鱗去鰓去臟)附送薑蔥(冰鮮0-4°C)', '$ 55.00']"
108,"['全城熱賣 - [海] · ❤️e閃購❤️ 挪威三文魚腩條 (500g 挪威三文魚腩條) #salessea', '$ 60.00']"
109,"['港食肉 - 去骨小黃花魚(400g/包)(急凍 -18°C)', '$ 40.00']"
110,"['大街市 - 越南石斑魚片 (急凍-18°C)#海鮮#氣炸', '$ 40.00']"
111,"['鮮魚薈 - 冰鮮脆肉羅菲魚片 (冰鮮0-4°C)', '$ 40.00']"
112,"['大榮食品 - 巨型原條蒲燒鰻魚300克(急凍)', '$ 88.90']"
113,"['大滋野 - [海] · ❤️e閃購❤️ 日式味醂魚乾 (120±) 4片裝 急凍 #salessea', '$ 59.90']"
114,"['LEADER MARINE - 急凍台灣龍膽石斑件 (龍躉魚件)', '$ 75.00']"
115,"['芬姐廚房 - 加拿大野生Sockeye有皮三文魚柳 (4塊/400g) 急凍 -18°C 375054', '$ 182.00']"
116,"['Pacific West - 香酥炸魚手指 #氣炸鍋#煎焗炸#吉列(急凍)', '$ 39.90']"
117,"['大街市 - 秋刀魚(急凍-18°C)', '$ 20.00']"
118,"['大街市 - 黃花魚(已去鱗/去腮/去臟)(急凍-18°C)', '$ 20.00']"
119,"['鮮魚薈 - 新鮮挪威三文魚柳(冰鮮0-4°C)', '$ 69.90']"
120,"['大街市 - 香酥魚手指(急凍-18°C)#炸物#氣炸', '$ 29.90']"
121,"['漁鮮快遞  - 立魚柳1塊 200-250g(急凍)', '$ 20.00']"
122,"['全城熱賣 - [海] · ❤️e閃購❤️ 加拿大野生三文魚柳 (320g± 橙袋三文魚柳) #salessea', '$ 60.00']"
123,"['CoolFood - (1磅！) 加拿大精選多春魚 #多卵#氣炸#燒烤#深海魚#海鮮#魚卵#魚子鱼籽#煎炸#韓燒#蛋白質#佐酒小食#屋酒屋小食(急凍)', '$ 49.90']"
124,"['海產佬市集 - 野生海捕全清墨魚頭', '$ 38.80']"
125,"['Hoki - [HOK] · ❤️e閃購❤️ 紐西蘭 Independent Hoki 鱈魚柳 (440g [紫] 鱈魚柳) 急凍-18ºC', '$ 40.00']"
126,"['海產佬市集 - 全天然系列急凍美國銀鱈魚扒 340g', '$ 118.00']"
127,"['寶達 - 日式蒲燒大鰻魚扒 (300g) (急凍-18°C)#海鮮#炭燒#拌飯#配酒', '$ 108.00']"
128,"['海產佬市集 - 全清墨魚仔 290g (急凍-18°C)', '$ 55.00']"
129,"['海產佬市集 - 急凍嫩滑生魚片 250克 (急凍-18°C)', '$ 38.00']"
130,"['寶達 - 海鱸魚 (已去除魚鱗及內臟) (冰鮮 0-4度)', '$ 58.00']"
131,"['寶達 - 梭羅魚 (冰鮮)', '$ 18.00']"
132,"['全城熱賣 - [海] · ❤️e閃購❤️ 美國 野生有皮紅鮭三文魚柳 (320g± 黑袋Sockeye三文魚)連皮/急凍 #salessea', '$ 89.90']"
133,"['Mt Cook - 紐西蘭帝王三文魚柳 200g (急凍-18°C)', '$ 123.00']"
134,"['鮮魚薈 - 冰鮮馬友魚(去鱗去鰓去臟)附送薑蔥(冰鮮0-4°C)', '$ 68.00']"
135,"['Foodianna - [海] · ❤️e閃購❤️ 冰島 格陵蘭比目魚扒 (360g± 比目魚扒) #salessea', '$ 59.90']"
136,"['渡邊水產 - 阿拉斯加銀雪魚扒', '$ 88.00']"
137,"['大街市 - 粒粒墨魚滑 (急凍-18°C)#海鮮#打邊爐#串燒', '$ 39.90']"
138,"['寶達 - 青斑 (已去除魚鱗及內臟) (冰鮮 0-4度)', '$ 105.00']"
139,"['德仕高 - 三文魚鰭腩(蘇格蘭原料)(500克)', '$ 58.00']"
140,"['CookCookLand - 美國阿拉斯加野生紅鮭三文魚扒 (Sockeye) 320g (急凍)', '$ 97.00']"
141,"['激安百貨 - 加拿大野生 優質 三文魚 320G (豐富Omega-3!!) (急凍-18)', '$ 88.00']"
142,"['海產佬市集 - 日本直入油甘魚鮫(2件裝) **350克** (急凍-18°C) #煎 #焗 # 炸', '$ 108.00']"
143,"['34° Natural Food - 冰島多春魚 (急凍 -18°C) 170g', '$ 26.00']"
144,"['大街市 - 挪威三文魚扒(2片裝)(急凍-18°C)#海鮮#煎焗', '$ 60.00']"
145,"['全城熱賣 - [PZ] · ❤️e閃購❤️ 日式 蒲燒特上長鰻魚 (250g 星鰻魚) 急凍 #salespz', '$ 69.90']"
146,"['鵬鵬凍肉 - 厚切黑魚片 (250克 - 急凍-18°C)', '$ 35.00']"
147,"['海產佬市集 - 挪威三文魚柳兩件裝 (急凍-18°C)#海鮮#氣炸#香煎 (急凍-18°C)', '$ 59.90']"
148,"['GNA HK - 韓國海鹽牙带魚約500g(急凍)', '$ 98.00']"
149,"['芬姐廚房 - 加拿大野生銀鱈魚柳 (165g) 急凍 -18°C 375108', '$ 160.00']"
150,"['寶達 - 沙巴龍躉 (已去除魚鱗及內臟) (冰鮮 0-4度)', '$ 98.00']"
151,"['海產佬市集 - 印尼海捕墨魚柳(急凍-18°C)', '$ 58.80']"
152,"['寶達 - 大黃花魚 (已去除魚鱗及內臟) (冰鮮 0-4度)', '$ 50.00']"
153,"['尚上品 - 優質格陵蘭比目魚扒 (360克) (急凍)', '$ 78.80']"
154,"['鱻 - 重慶金湯酸菜魚(急凍 -18℃)', '$ 68.00']"
155,"['鵬鵬凍肉 - 去骨小黃花魚 (635克 - 急凍-18°C)', '$ 75.00']"
156,"['PrimeFood - 中國 陸拾年老師傅 熟烤魚 蒜香味 (急凍:存放-18℃)#海鮮#微波爐#水煮', '$ 60.00']"
157,"['漁嘩啦 - 重慶紅薯粉水煮魚(急凍-18°C)', '$ 60.00']"
158,"['Pacific West - 香酥芝士魚柳 近1KG 經濟實惠套裝 (290g@3盒/set) (急凍)-氣炸必選!!! #抵食價 #芝士控 #氣炸', '$ 99.90']"
159,"['海產佬市集 - 日本直入油甘魚鮫(2件裝) (急凍-18°C) #煎 #焗 # 炸 (急凍-18°C)', '$ 98.00']"
160,"['寶達 - 左口魚裙邊刺身 (20片)', '$ 29.90']"
161,"['海產佬市集 - 急凍*京都市場*※日本柚子塩麹漬 -《銀鮭》三文魚柳 (急凍-18°C)', '$ 40.00']"
162,"['Siam - 智利三文魚頭+尾 (超大) #魚 #海鮮 #魚片 #魚扒', '$ 60.00']"
163,"['海產佬市集 - 全天然系列急凍格靈蘭海捕比目魚柳(去皮) 360g', '$ 59.90']"
164,"['ERIK’S MEATS - 急凍加拿大天然野生有皮三文魚柳 (4 塊/ ""400克""/包)', '$ 185.00']"
165,"['寶達 - 黃鰭吞拿魚刺身 (約300-600g)(急凍-18°C)#解凍即食#鮮甜', '$ 98.00']"
166,"['PrimeFood - 日式Nova Marine蒲燒鰻魚 約200克 (急凍:存放-18℃)#微波爐', '$ 64.50']"
167,"['尚煮食品 - 挪威三文魚柳 ( 4件裝 )#急凍#海鮮#燒#煎#氣炸', '$ 128.00']"
168,"['Chop Chop - 紐西蘭鱈魚柳 440g (急凍) #煎焗', '$ 62.00']"
169,"['LEADER MARINE - 急凍台灣龍膽石斑魚片 (龍躉魚片)', '$ 62.00']"
170,"['漁家 - 魚欄直送-台灣午仔魚(馬友魚) 兩條裝 約500g 已去除內臟及魚鱗(急凍)', '$ 93.00']"
171,"['海產佬市集 - 大西洋三文魚鰭(急凍-18°C)', '$ 34.50']"
172,"['大榮食品 - 活鰻烤制！原條蒲燒鰻魚200克(急凍)', '$ 58.90']"
173,"['大榮食品 - 立魚柳(急凍)', '$ 21.90']"
174,"['LEADER MARINE - 急凍越南木棉魚 (大眼雞)', '$ 28.00']"
175,"['鱻 - 無骨脆肉鯇魚片(急凍 -18℃)', '$ 68.00']"
176,"['Siam - 牙帶魚段(300g+) #魚 #三文魚 #銀雪魚 #海鮮 #蝦', '$ 49.00']"
177,"['鮮魚薈 - 冰鮮印尼野生海捕墨魚仔 ( 已全去內臟) ( 冰鮮0-4°C)', '$ 56.00']"
178,"['鮮魚薈 - 日本九州油甘魚鮫(冰鮮0-4°C)', '$ 68.00']"
179,"['LEADER MARINE - 急凍日本鹽麴銀鮭(三文魚)', '$ 78.00']"
180,"['鮮魚薈 - 冰鮮盲鰽魚(去鱗去鰓去臟)附送薑蔥)(冰鮮0-4°C)', '$ 48.80']"
181,"['漁鮮快遞  - 日本三文魚子(鱒)醬油漬 (250g)(急凍)', '$ 198.00']"
182,"['寶達 - 黃花魚(已去除魚鱗及內臟) (冰鮮 0-4度)', '$ 38.00']"
183,"['鵬鵬凍肉 - 酸菜魚 (480克 - 急凍-18°C)', '$ 65.00']"
184,"['鮮魚薈 - 冰鮮澳洲小鱗犬牙南極魚(白鱈魚柳)200克(冰鮮0-4°C)', '$ 138.00']"
185,"['丸喜水產 - 三文魚腩條 #急凍#煎煮#油香', '$ 52.90']"
186,"['Azure - 智利三文魚柳 2件裝 250克 (急凍-18°C)', '$ 69.90']"
187,"['德仕高 - 挪威Leroy真鱈魚柳 (獨立真空)(急凍)', '$ 115.00']"
188,"['ELEGANT - 挪威急凍切片煙三文魚柳', '$ 105.00']"
189,"['Peter’s Butchery and Kitchen - 新界魚市場: 白鱔 (0-4°C)', '$ 108.00']"
190,"['PrimeFood - 中國 特級羅非魚柳 (急凍:存放-18℃)#海鮮#蒸#煎#焗#煮#烤', '$ 32.50']"
191,"['Siam - 挪威海捕多春魚(10條) #魚 #海鮮 #魚片 #魚扒', '$ 35.00']"
192,"['金之鰻 - 【無激素 無防腐劑】原條蒲燒鰻魚 (細碼)(急凍)', '$ 139.00']"
193,"['全城熱賣 - [海] · ❤️e閃購❤️ 【超肥美】冰島多春魚 (170g 多春魚) #salessea', '$ 32.90']"
194,"['海產佬市集 - 澳洲塔斯曼尼亞急凍三文魚塊(急凍-18°C)', '$ 88.00']"
195,"['TASTIBUY - 魚欄直送-台灣午仔魚(馬友魚) 兩條裝 共約400g已去除內臟及魚鱗(急凍)', '$ 78.00']"
196,"['寶達 - 鯖魚柳 (150g)(急凍-18°C)#烤焗#日式汁燒#氣炸#煎炒煮炸', '$ 10.40']"
197,"['MyFridge - 挪威三文魚柳(非指定部位，帶皮) 約1磅裝 #無添加#無防腐劑', '$ 109.90']"
198,"['寶達 - 日式醋鯖魚刺身 (90g)', '$ 14.90']"
199,"['Ocean Three - 日本希靈魚刺身 #急凍#即食#壽司', '$ 36.50']"
200,"['Chop Chop - 挪威野生比目魚扒 200-300g (急凍) #烤焗 #煎煮', '$ 53.00']"
201,"['海產佬市集 - 海捕金線魚(瓜衫魚)(去鱗去頭去臟) (急凍-18°C)', '$ 38.00']"
202,"['34° Natural Food - 格陵蘭比目魚扒 (急凍 -18°C) 400g #急凍#海鮮#氣炸#煎焗#格陵蘭#比目魚', '$ 49.00']"
203,"['大街市 - 銀魚(2件裝)(急凍-18°C)', '$ 53.80']"
204,"['LEADER MARINE - 急凍台灣龍膽石斑頭丁 (角切龍躉魚頭)', '$ 48.00']"
205,"['大街市 - 香酥魚手指(2件裝)(急凍-18°C)#炸物#氣炸', '$ 59.80']"
206,"['Aqua East - 冰島格陵蘭比目魚(360g) #急凍#海鮮#燒#煎', '$ 40.00']"
207,"['渡邊水產 - 挪威鯖花魚柳(急凍-18°C)#海鮮#煎焗#氣炸', '$ 32.90']"
208,"['雷澳美食 - 卡美牌急凍三文魚鮫 (急凍-18°C存放)有180天保存期(出貨日起計)', '$ 59.90']"
209,"['LEADER MARINE - 急凍越南石斑魚片', '$ 55.00']"
210,"['MyFridge - 挪威三文魚(指定魚腩部位原整一大件，帶皮) (Skin Pack包裝) 約220-250g #無添加#無防腐劑', '$ 76.90']"
211,"['本土養殖 - 黑鱲魚M 無須再洗 一開即煮 (急凍)', '$ 168.00']"
212,"['全城熱賣 - [海] · ❤️e閃購❤️ 蘋果木煙燻挪威三文魚 (100g± ❎ 2 煙三文魚) #salessea', '$ 89.90']"
213,"['34° Natural Food - 美國銀鱈魚扒 2 塊裝 (急凍 -18°C) 300g', '$ 78.00']"
214,"['- - 吞拿魚方塊 (500g) #急凍 #刺身 #Poke #魚生', '$ 88.00']"
215,"['TASTIBUY - 台灣午仔魚(馬友魚) 一條裝270g+ 已去除內臟及魚鱗(急凍)', '$ 53.00']"
216,"['Siam - 格陵蘭比目魚扒 (400g)(3-4塊) #魚 #三文魚 #銀雪魚 #海鮮 #蝦 #生酮 #氣炸鍋', '$ 75.00']"
217,"['本土養殖 - 本目鱸扒M（鱸魚扒）無須再洗 一開即煮（急凍）', '$ 130.00']"
218,"['寶達 - 活凍泥猛 (已去除魚鱗及內臟) (冰鮮)', '$ 28.00']"
219,"['Ocean Three - 越南海鱸魚柳#急凍#海鮮#煎焗', '$ 43.90']"
220,"['鮮魚薈 - 冰鮮金線魚(瓜衫)(去頭去臟去鱗) 冰鮮0-4°C)', '$ 38.00']"
221,"['尚上品 - 紐西蘭有皮帝皇三文魚 (140克) (急凍)', '$ 79.80']"
222,"['寶達 - 寶達 - 東星斑 (已去除魚鱗及內臟) (冰鮮 0-4度)', '$ 298.00']"
223,"['鮮魚薈 - 冰鮮格零蘭比目魚扒4塊裝 (冰鮮0~4度)', '$ 88.00']"
224,"['海產佬市集 - 即食魷魚仔 (急凍-18°C)', '$ 53.90']"
225,"['Ocean Three - 格陵蘭比目魚扒#急凍#海鮮#煎焗', '$ 56.90']"
226,"['全城熱賣 - [海] · ❤️e閃購❤️ 美國阿拉斯加銀鱈魚柳 (360g± 銀鱈魚柳) #salessea', '$ 99.90']"
227,"['PrimeFood - 台灣秋刀魚 (急凍:存放-18℃)#海鮮#煎#煮#炸#蛋白質', '$ 21.50']"
228,"['海產佬市集 - 日本產赤鮭 (海捕紅三文魚)一夜干 ︱紅鮭の塩漬切身 ︱ (急凍-18°C)', '$ 78.00']"
229,"['寶達 - 墨魚刺身 (20片)(急凍-18°C)#爽口彈牙#鮮嫩#解凍即食', '$ 27.80']"
230,"['漁鮮快遞  - 左口魚群邊刺身20片(急凍)', '$ 38.00']"
231,"['德仕高 - 日本油甘魚鮫 (2-3片)(急凍)', '$ 100.00']"
232,"['雷澳美食 - Polyfood 煙三文魚(急凍存放-18°C)有180天保存期(出貨日起計)', '$ 43.00']"
233,"['34° Natural Food - 金湯酸菜魚 (急凍 -18°C) 405g', '$ 49.00']"
234,"['鯨魚仔 - 比目魚塊（去皮）300g #急凍 #海鮮 #魚柳 #比目魚', '$ 58.00']"
235,"['MyFridge - 越南特大急凍鯰魚柳, ASC認證 , 一包兩大條(每條220g up), 一包總重約500g #生酮#無添加#無防腐劑#炸魚薯條#粟米魚塊', '$ 42.90']"
236,"['Chop Chop - 美國野生銀雪魚扒 300-350g (急凍) #烤焗 #煎煮', '$ 127.00']"
237,"['屋台 - 優質多春魚 (8條/盤 120g) #氣炸 #烤焗 #煎煮 #BBQ #燒烤 #party #海鮮 #佐酒 #日式', '$ 18.00']"
238,"['德仕高 - 法國白鱈魚扒(急凍)', '$ 185.00']"
239,"['真味市場 - 智利三文魚扒 (約500克) (急涷 -18 C )', '$ 60.00']"
240,"['吉永家 - 日式蒲燒汁鰻魚 125g (急凍)', '$ 45.00']"
241,"['Siam - 智利三文魚扒(2-3塊中-細) #魚 #海鮮 #魚片 #魚扒', '$ 78.00']"
242,"['鯨魚仔 - 三文魚鰭 (500g) (急凍 -18°C)', '$ 43.00']"
243,"['鱻 - 手打鯪魚餅(香蔥味) (急凍 -18℃)', '$ 68.00']"
244,"['鮮魚薈 - 冰鮮澳洲塔斯曼尼亞新鮮三文魚柳 *已去鱗/帶皮*(冰鮮0-4°C)', '$ 98.00']"
245,"['海產佬市集 - 澳洲塔斯曼尼亞急凍三文魚柳(2件裝)(急凍-18°C)', '$ 188.00']"
246,"['德仕高 - 挪威進口Leroy煙三文魚(挪威彩虹鱒魚) (350克)', '$ 148.00']"
247,"['鮮魚薈 - 冰鮮黃腳立魚(去鱗去鰓去臟)附送薑蔥(冰鮮0-4°C)', '$ 68.00']"
248,"['CookCookLand - 格陵蘭比目魚扒 (2-3塊) 400g (急凍)', '$ 75.00']"
249,"['CookCookLand - 手打陳皮香蔥鯪魚餅 200g (急凍)', '$ 25.00']"
250,"['大榮食品 - 日式蒲燒鰻魚粒(急凍)', '$ 64.80']"
251,"['寶達 - 挪威三文魚腩刺身 (新鮮) 300g', '$ 138.00']"
252,"['金星牌 Superstar - 阿拉斯加/加拿大急凍比目魚扒，肉質嫩滑。香煎更可口。', '$ 38.00']"
253,"['寶達 - 日式希靈魚刺身 (130g)', '$ 34.50']"
254,"['海產佬市集 - 急凍日本*京都水鮮*【金の味噌】西京漬 - 赤魚柳(急凍-18°)', '$ 58.00']"
255,"['Ocean Three - 急凍多春魚#燒烤#煎炸 #9D', '$ 28.00']"
256,"['寶達 - 活凍鱲魚 (已去除魚鱗及內臟) (冰鮮 0-4度)', '$ 80.71']"
257,"['LEADER MARINE - 急凍日式鹽漬三文魚', '$ 73.00']"
258,"['激安百貨 - 天然野生捕捉 Canada 三文魚 柳 300g (急凍-18)', '$ 98.00']"
259,"['大榮食品 - 日式多春魚(急凍)', '$ 24.90']"
260,"['全城熱賣 - (橙)三文魚魚生(鮭魚-奶素) 230g (急凍-18°C) 素食 素三文魚', '$ 53.00']"
261,"['海產佬市集 - 急凍日本◆美味の海◆ 秋鮭(三文魚柳) 5塊裝 (去骨) 300克 (急凍-18°C)', '$ 95.00']"
262,"['PrimeFood - 中國 陸拾年老師傅 熟烤魚 麻辣味 (急凍:存放-18℃)#海鮮#微波爐#水煮', '$ 69.90']"
263,"['foodies - [優惠孖裝]格靈蘭比目魚扒(急凍-18°C)#海鮮#煎焗#蒸', '$ 78.00']"
264,"['寶達 - 正宗金湯酸菜魚 480g', '$ 66.70']"
265,"['全城熱賣 - [海] · ❤️e閃購❤️ 格陵蘭野生比目魚柳 (350g 比目魚柳) 有皮去骨 [急凍-18ºC] 新舊包裝隨機出貨 #salessea', '$ 59.90']"
266,"['Ocean Three - 挪威(大西洋)三文魚扒 #急凍#海鮮#鐵板#煎焗', '$ 64.90']"
267,"['尚蔡 - 北海道花魚一夜干M size 150-350g', '$ 58.00']"
268,"['JASS - 台灣生凍吻仔魚', '$ 42.00']"
269,"['Ocean Three - 野生有皮紅魚柳#急凍#10C', '$ 34.90']"
270,"['全城熱賣 - [海] · ❤️e閃購❤️ 花魚一夜干 (300g± 一夜干 ) 急涷 #salessea', '$ 42.90']"
271,"['全城熱賣 - [海] · ❤️e閃購❤️ 蘋果木煙燻挪威三文魚 (100g± 煙三文魚) #salessea', '$ 49.90']"
272,"['尚上品 - 紐西蘭無骨去皮HOKI鱈魚柳（440克/4條/包） (急凍) #香煎 #氣炸 #海鮮 #易煮 #MSC 可持續海產品', '$ 63.80']"
273,"['PrimeFood - 中國 陸拾年老師傅 金湯酸菜魚 (急凍:存放-18℃)', '$ 52.90']"
274,"['全城熱賣 - (鰻片)蒲燒素鰻片(蛋奶素) 300g (急凍-18°C) (內有8小片) 素食 素魚 曼魚 鰻魚', '$ 53.00']"
275,"['鮮魚薈 - 冰鮮美國海捕銀鱈魚柳 200克(冰鮮0-4°C)', '$ 138.00']"
276,"['漁鮮快遞  - 立魚柳 (2塊) (400-500g)(急凍)', '$ 44.00']"
277,"['海產佬市集 - 急凍八爪魚仔 (急凍-18°C)', '$ 38.00']"
278,"['Ocean Three - 飛魚籽 #急凍#壽司#解凍即食', '$ 39.90']"
279,"['海產佬市集 - 急凍即食八爪魚(切粒) (急凍-18°C)', '$ 75.00']"
280,"['CookCookLand - 美國銀鱈魚扒 (1-2件裝) 300g (急凍)', '$ 120.00']"
281,"['香港 - Kilo Calo 檸檬刁草味即食雕魚240克 (1件)(急凍-18°C) ［健身 健康 魚肉 急凍 凍肉 減肥 預食 三文魚 香港製造］', '$ 75.90']"
282,"['本土養殖 - 本福鯧魚扒S（石鯧魚扒）無須再洗 一開即煮（急凍）', '$ 130.00']"
283,"['鱻 - 酸菜魚套餐C(配無骨脆肉鯇魚片) (急凍 -18℃)', '$ 126.00']"
284,"['鯨魚仔 - 銀鱈魚扒(300g 2片 急凍)#鱈魚#海鮮#海魚#燒烤#小菜#煎焗', '$ 68.00']"
285,"['Beiralula - 葡萄牙急凍沙典魚，單凍無冰，含豐富鈣質。', '$ 55.00']"
286,"['海產佬市集 - 狹雪魚柳 454克 (急凍-18°C)', '$ 38.80']"
287,"['鮮魚薈 - 冰鮮紐西蘭海捕青衣魚柳(冰鮮0-4°C)#海鮮#煎#焗', '$ 78.00']"
288,"['Ocean Three - 馬來西亞原條白鯧魚#急凍#海鮮#煎焗', '$ 34.90']"
289,"['frozen - 越南鯰魚柳 ASC 500g (急凍-18°C)(4897010670219) #海鮮#氣炸#煎焗', '$ 29.00']"
290,"['鮮魚薈 - *京都水鮮*※日本柚子塩麹漬 - 鲭魚柳 ( 2塊裝)(冰鮮0~4度)', '$ 48.80']"
291,"['全城熱賣 - [海] · ❤️e閃購❤️ 挪威三文魚鰭 (500g± 三文魚鰭) #salessea', '$ 49.90']"
292,"['Siam - 急凍加拿大帶子(200g+) #海鮮 #魚 #貝殼 #青口 #蝦', '$ 48.00']"
293,"['大榮食品 - 開邊鯖魚柳(急凍)', '$ 15.00']"
294,"['PrimeFood - 日本鳥取蒸燒鯖魚柳 (急凍:存放-18℃)', '$ 47.50']"
295,"['寶達 - 活凍深海花猛魚 (已去除魚鱗及內臟) (冰鮮 0-4度)', '$ 60.00']"
296,"['Siam - 特大鯰魚柳 (454g) #魚 #三文魚 #銀雪魚 #海鮮 #蝦', '$ 39.90']"
297,"['本土養殖 - 本目鱸扒S（鱸魚扒）無須再洗 一開即煮（急凍）', '$ 95.00']"
298,"['CoolFood - 挪威優質即食煙三文魚 #煙熏香#冷盤#配意粉#海產#海鮮#即食三文魚#蛋白質#Omega3#配沙律#配pizza#派對食物#Party食物 (急凍)', '$ 229.90']"
299,"['Siam - 智利三文魚扒(1-1.5塊共 240g) #魚 #海鮮 #魚片 #魚扒', '$ 49.00']"
300,"['德仕高 - 日本醋鯖魚(急凍)', '$ 33.00']"
301,"['TASTIBUY - ［魚欄直送］黃立倉一條裝270g+ (急凍)', '$ 38.00']"
302,"['Ocean Three - 無骨脆肉鯇魚片#火鍋#打邊爐#炒餸', '$ 78.00']"
303,"['台灣入口 - 台灣蒲燒秋刀魚(獨立裝) 100克', '$ 25.00']"
304,"['雷澳美食 - 卡美牌急凍三文魚套餐 (急凍-18°C存放)有180天保存期(出貨日起計)', '$ 78.00']"
305,"['雷澳美食 - 熱煙青檸鹽風味有皮三文魚件 (3件裝)(急凍-18°C存放)每天新鮮製造，有180天保存期(出貨日起計)', '$ 98.00']"
306,"['漁家 - ［魚欄直送］黃立倉一條裝330g+ (急凍)', '$ 48.00']"
307,"['Siam - 野生原條紅鯛魚 (230g) #魚 #三文魚 #銀雪魚 #海鮮 #蝦', '$ 48.00']"
308,"['寶達 - 韓國 醬油三文魚 250g', '$ 78.00']"
309,"['尚煮食品 - 挪威鱈魚柳 (1包4件) #急凍#海鮮#燒#煎', '$ 128.00']"
310,"['PrimeFood - 日式 Nova Marine 蒲燒鰻魚 約330克 (急凍:存放-18℃)#微波爐', '$ 102.50']"
311,"['寶達 - 活凍秋刀魚 (已去除魚鱗及內臟) (冰鮮)', '$ 28.00']"
312,"['Ocean Three - 越南(無皮)鯰魚柳(急凍-18°C)#海鮮#氣炸#煎焗', '$ 34.90']"
313,"['34° Natural Food - 挪威去骨無皮比目魚柳(急凍 -18°C) 240g #急凍#海鮮#氣炸#煎焗#挪威#比目魚', '$ 44.90']"
314,"['34° Natural Food - 一夜干黃花魚 (急凍 -18°C) 240-290g', '$ 45.90']"
315,"['水天堂 - 上海熏魚 750g (急凍-18C)', '$ 148.00']"
316,"['寶達 - 烏頭魚 (已去除魚鱗及內臟) (冰鮮 0-4度)', '$ 39.50']"
317,"['Alaska seafood - 美國阿拉斯加銀雪魚扒 (急凍-18°C) (魚腩)', '$ 118.00']"
318,"['德仕高 - 法國白鱈魚鮫 (300-350克)(急凍)', '$ 150.00']"
319,"['海產佬市集 - 海捕紅魚扒(2塊裝)300g(急凍-18°C)', '$ 52.00']"
320,"['CookCookLand - 日本油甘魚鮫 (2-3件裝) 約400-450g (急凍)', '$ 138.00']"
321,"['鱻 - 鴛鴦魚頭(急凍 -18℃) (此日期前最佳: 2023年4月6日)', '$ 40.00']"
322,"['鯨魚仔 - 挪威三文魚腩條(毛重 500g)#氣炸#燒烤#小食#小菜', '$ 58.00']"
323,"['漁鮮快遞 - 日本醋青魚120g(未切)(急凍)', '$ 28.00']"
324,"['鯨魚仔 - 優質挪威三文魚扒(340g 急凍) #氣炸 #海鮮 #烤焗 #香煎 #燒烤 #小菜', '$ 49.00']"
325,"['34° Natural Food - 越南有皮石斑魚柳 (急凍 -18°C) 280g', '$ 46.90']"
326,"['蔡市場 - 大西洋三文魚頭 300-600g', '$ 29.90']"
327,"['CookCookLand - 美國銀鱈魚扒 240g (急凍) #煎 #焗 #煙薰 #照燒 #西京燒', '$ 152.00']"
328,"['本土養殖 - 本福鯧魚骨 無須再洗 一開即煮（急凍）', '$ 45.00']"
329,"['TASTIBUY - 魚欄直送-台灣午仔魚(馬友魚) 一條裝 約300g 已去除內臟及魚鱗(急凍)', '$ 63.00']"
330,"['34° Natural Food - 老壇酸菜魚 (急凍 -18°C) 405g', '$ 49.00']"
331,"['全城熱賣 - [海] · ❤️e閃購❤️ Akaroa King 紐西蘭 (140g± 帝王三文魚柳) 有皮/急凍 #salessea', '$ 69.90']"
332,"['34° Natural Food - 西京燒美國銀鱈魚柳(急凍 -18°C) 280g #西京燒 #銀鱈魚 #銀鱈魚柳 #美國', '$ 78.00']"
333,"['尚蔡 - 挪威煙三文魚(鱒魚)', '$ 128.00']"
334,"['海的 - 免漿脆肉鯇魚片250g(急凍18℃)', '$ 45.00']"
335,"['急凍皇后 - IQF 龍脷魚柳 #海鮮#氣炸#煎焗#炸物#魚柳 454g+ (急凍-18°C)', '$ 39.00']"
336,"['雷澳美食 - 熱煙青檸鹽風味有皮三文魚件 (急凍-18°C存放)每天新鮮製造，有180天保存期(出貨日起計)', '$ 48.00']"
337,"['台灣入口 - 台灣虱目魚肚180g#營養價值超高#無刺虱目魚肚', '$ 102.00']"
338,"['本土養殖 - 本目鱸魚骨 無須再洗 一開即煮（急凍）', '$ 45.00']"
339,"['CookCookLand - 美國阿拉斯加野生有皮紅魚柳 (2件裝) 300-350g (急凍)', '$ 65.00']"
340,"['本土養殖 - 本目鱸魚頭（已開邊，每包4塊）無須再洗 一開即煮（急凍）', '$ 60.00']"
341,"['Ocean Three - 馬來西亞金線魚#急凍#海鮮#煎焗', '$ 36.90']"
342,"['Peter’s Butchery and Kitchen - 新界魚市場: 生魚 (0-4°C)', '$ 40.00']"
343,"['激安百貨 - 頂級 日本鳥取 蒸燒鯖魚片 - 冇骨 (160g/1包)(急凍-18) JP直送到香港 日本餐廳系列', '$ 59.00']"
344,"['漁家 - 魚欄直送-台灣午仔魚(馬友魚)兩條裝共約650g 已去除內臟及魚鱗(急凍)', '$ 112.00']"
345,"['寶達 - 韓國 生醃辣醬明太魚腸 300g', '$ 60.00']"
346,"['寶達 - 香草煙三文魚柳 (急凍) 60g', '$ 28.00']"
347,"['FoodWise - 阿拉斯加野生紅魚柳, 350g', '$ 55.00']"
348,"['CoolFood - 日本直送！北海黃希靈魚刺身(解凍即食約130g) #即食#蘸芥末醬油#鯡魚#醃製#爽脆魚籽#壽司#魚生(急凍)', '$ 47.90']"
349,"['CookCookLand - 美國迷你銀鱈魚扒 (2-3件) 200g (急凍) #煎 #焗 #煙燻 #照燒 #西京燒', '$ 80.00']"
350,"['寶達 - 寶達 - 花金鼓 (已去除魚鱗及內臟) (冰鮮 0-4度)', '$ 208.00']"
351,"['尚煮食品 - 美國SPC銀鱈魚柳(約400-500g) #急凍#海鮮#燒#煎', '$ 178.00']"
352,"['Hoki - 紐西蘭 HOKI 鱈魚柳 (急凍 - 零下18度)', '$ 63.80']"
353,"['CookCookLand - 挪威煙三文魚 500克/包 (急凍)', '$ 139.00']"
354,"['鵬鵬凍肉 - 厚切三文魚扒 (250克 - 急凍-18°C)', '$ 40.00']"
355,"['鯨魚仔 - 格陵蘭比目魚扒（400g）#急凍 #魚扒 #海鮮 #香煎', '$ 56.00']"
356,"['Foodianna - [海] · ❤️e閃購❤️ 日本半月油甘魚鮫 (250g± 半月油甘魚鮫 ) #salessea', '$ 63.90']"
357,"['全城熱賣 - [海] · ❤️e閃購❤️ 挪威鯖魚柳原味(2pcs/pack 300g± 原味鯖魚柳) #salessea', '$ 26.90']"
358,"['海獅 - 香港海獅牌墨魚滑 約200g #火鍋#打邊爐#墨魚丸', '$ 49.90']"
359,"['Sea mate - 冷凍開邊鯖魚 ( 200g ) (急凍 - 零下18度)', '$ 26.90']"
360,"['海的 - 厚切脆鯛魚片200g(免漿)(急凍18℃)', '$ 29.00']"
361,"['寶達 - 鸚哥魚 (已去除內臟) (冰鮮) (冷凍 0-4°C)', '$ 46.92']"
362,"['安記海味 - 日本公魚乾 (225克)【急凍-18℃】 (#8230)', '$ 45.00']"
363,"['Mt Cook - 紐西蘭帝王三文魚柳#急凍#海鮮#燒#煎#氣炸', '$ 128.00']"
364,"['廚神工房 - 挪威三文魚腩(500G)(急凍)#氣炸鍋', '$ 48.00']"
365,"['新榮棧 - 急凍挪威煙三文魚(-18°C, 約500g)', '$ 125.00']"
366,"['OASIS - ""綠洲""花尾龍躉魚柳 (急凍)', '$ 125.00']"
367,"['34° Natural Food - 西京燒格陵蘭比目魚柳(急凍 -18°C) 280g #西京燒 #比目魚 #比目魚柳 #格陵蘭', '$ 48.00']"
368,"['Chop Chop - 北海道花魚一夜干 300-350g (急凍)', '$ 60.00']"
369,"['CookCookLand - 免漿無骨黑魚片 (厚切) 250g (急凍)', '$ 45.00']"
370,"['34° Natural Food - 免漿脆肉鯛魚片(急凍 -18°C) 200g', '$ 29.00']"
371,"['雷澳美食 - Master Gourmet加拿大比目魚扒切件 3/4"" (急凍-18°C存放)有180天保存期(出貨日起計)', '$ 60.00']"
372,"['德仕高 - 法國白鱈魚柳(急凍)', '$ 180.00']"
373,"['TASTIBUY - ［魚欄直送］深海黃花魚1條裝 220+(2-4人份) (急凍)', '$ 28.80']"
374,"['Kuhlbarra - 盲曹魚柳 200g', '$ 93.00']"
375,"['寶達 - 寶達 - 老虎斑 (已去除魚鱗及內臟) (冰鮮 0-4度)', '$ 178.00']"
376,"['尚煮食品 - 法國白鱈魚柳(260-320g) #急凍#海鮮#燒#煎', '$ 180.00']"
377,"['34° Natural Food - 挪威去骨有皮比目魚柳(急凍 -18°C) 240g #急凍#海鮮#氣炸#煎焗#挪威#比目魚', '$ 42.90']"
378,"['廚神工房 - 日式蒲燒鰻魚120克 (急凍)(適合氣炸鍋)', '$ 45.00']"
379,"['CookCookLand - 日本蒸燒鯖魚柳 160g(急凍)', '$ 52.00']"
380,"['Foodie Yard - 希臘野生捕獲鯷魚(急凍 -18°C) #生酮 #無添加劑及防腐劑 #生酮飲食 #簡單易煮 #無激素 #低碳 #火鍋 #燒肉', '$ 96.00']"
381,"['GNA HK - 韓國高湯用大鯷魚乾(急凍)', '$ 108.00']"
382,"['漁鮮快遞  - 味付鯛魚片350g(去骨帶皮) (急凍)', '$ 46.00']"
383,"['Manna J - 挪威煙三文魚 500克', '$ 148.00']"
384,"['鯨魚仔 - 有頭開邊生鰻魚(900g+ 去內臟，急凍) #海鮮 #烤焗 #香煎 #燒烤 #紅燒 #鐵板 #小菜 #日式 #串燒 #火鍋', '$ 268.00']"
385,"['三斗米良食店 - 魚肉燒賣 (480g / 35粒) (急凍-18°C) #燒賣#金龍魚肉燒賣#燒賣關注組#點心', '$ 36.00']"
386,"['漢廷 - 急凍金線魚 85-145g(2條) (skin pack) 250g (急凍)', '$ 25.00']"
387,"['漢廷 - 300克 - 急凍野生原條海石斑魚 (急凍) #家常便飯 #煎 #蒸 #烤 #焗', '$ 35.00']"
388,"['CookCookLand - 挪威煙三文魚 100g (急凍)', '$ 43.00']"
389,"['寶達 - 紅衫魚 (已去除魚鱗及內臟) (冰鮮) (冷凍 0-4°C)', '$ 48.00']"
390,"['寶達 - 活凍紅鮪 (已去除魚鱗及內臟) (冰鮮 0-4度)', '$ 55.00']"
391,"['金星牌 Superstar - 阿拉斯加急凍狹鱈魚柳，無皮無骨', '$ 25.00']"
392,"['寶達 - 花尾龍躉魚扒 (已去除魚鱗及內臟) (冰鮮)', '$ 80.00']"
393,"['寶達 - 日式蒲燒鰻魚 (125g +- 15g) (急凍-18°C)#海鮮#炭燒#撈飯', '$ 39.90']"
394,"['CookCookLand - 挪威三文魚魚頭 (開半) 約300-400g (急凍)', '$ 59.00']"
395,"['本土養殖 - 本福鯧魚扒XL（石鯧魚扒）無須再洗 一開即煮（急凍）', '$ 247.00']"
396,"['CookCookLand - 挪威大西洋鯖魚柳 (一條) 約142g (急凍)', '$ 20.00']"
397,"['鯨魚仔 - 開邊黃花魚(急凍140g+) #海鮮 #燒烤 #小菜', '$ 24.00']"
398,"['漁鮮快遞  - (((3包裝))) 台灣秋刀魚1條 (約80g)(急凍)', '$ 24.00']"
399,"['鵬鵬凍肉 - 脆肉鯇魚片 (250克 - 急凍-18°C)', '$ 45.00']"
400,"['34° Natural Food - 特大急凍三文魚腩條 (急凍 -18°C) 500g #急凍#海鮮#氣炸#煎焗#三文魚#特大', '$ 68.00']"
401,"['鱻 - 重慶麻辣水煮魚(急凍 -18℃) ', '$ 68.00']"
402,"['海中寶 - Ocean Delight - 野生銀鱈魚扒全來自阿拉斯加水域 #急凍', '$ 118.00']"
403,"['寶達 - 韓國 醬油三文魚 500g', '$ 158.00']"
404,"['真味市場 - 越南鯰魚柳450g (急凍 - 零下18度)', '$ 39.90']"
405,"['吉永家 - 地中海蕃茄香草醬烤魚串 (4條) #急凍 #燒烤 #BBQ', '$ 49.00']"
406,"['日本直送 - 黃金希靈魚刺身 130g', '$ 56.80']"
407,"['蔡市場 - 挪威三文魚扒', '$ 69.00']"
408,"['Siam - 挪威無激素 海鹽黑椒三文魚(2塊) #魚 #海鮮 #魚片 #魚扒', '$ 79.00']"
409,"['鱻 - 酸菜魚套餐A(配魚皮角) (急凍 -18℃)', '$ 116.00']"
410,"['TASTIBUY - ［魚欄直送］深海黃花魚孖裝360g+(已三清) (急凍)', '$ 53.00']"
411,"['寶達 - 挪威直送三文魚邊刺身 (新鮮) 180g', '$ 88.00']"
412,"['漁鮮快遞 - 比目魚扒 (約400克/3-4塊)(急凍)', '$ 78.00']"
413,"['CookCookLand - 紐西蘭金獅魚柳 225g (急凍)', '$ 89.80']"
414,"['日本進口 - 日本北海道花魚一夜乾 300-350g (真空包裝)(急凍-18°C)(4571107260520) #氣炸#焗爐食品#燒烤#煎', '$ 55.00']"
415,"['34° Natural Food - 美國銀鱈魚柳 (急凍 -18°C) 300g', '$ 108.00']"
416,"['真味市場 - 智利三文魚頭及魚尾扒 約1.2公斤 ( 急涷 -18 C )', '$ 69.90']"
417,"['34° Natural Food - 一夜干馬友魚 (急凍 -18°C)240-300g #氣炸#焗爐食品#燒烤#煎', '$ 62.90']"
418,"['德仕高 - 挪威進口Leroy煙三文魚(挪威彩虹鱒魚) (750克)', '$ 250.00']"
419,"['Cookcook Land - 美國極品野生有皮石斑魚柳 (2-3塊) 470-500g(急凍)', '$ 79.00']"
420,"['尚煮食品 - 日本油甘魚鮫(2-3件裝)(300g-400g) #急凍#海鮮', '$ 128.00']"
421,"['34° Natural Food - 大西洋特大鯖魚柳 (急凍 -18°C) (2條裝) (300-350g) #大西洋 #鯖魚 #鯖魚柳', '$ 25.00']"
422,"['Supreme Cook - 紐西蘭 Hoki 鱈魚柳 (約440g) (急凍-18°C)', '$ 45.00']"
423,"['CookCookLand - 挪威比目魚扒 400g(急凍)', '$ 76.00']"
424,"['寶達 - 黑椒煙三文魚柳 (急凍) 60g', '$ 28.00']"
425,"['34° Natural Food - 蒲燒鰻魚 60P (急凍 -18°C) 約170g', '$ 62.90']"
426,"['香港 - Kilo Calo 檸檬刁草味即食三文魚120克(1件)(急凍-18°C) ［健身 健康 魚肉 急凍 凍肉 減肥 預食 三文魚 香港製造］', '$ 75.90']"
427,"['漁鮮快遞  - 台灣秋刀魚1條 (約90g)(急凍)', '$ 8.00']"
428,"['全城熱賣 - [海] · ❤️e閃購❤️ 紐西蘭鮟鱇魚扒 (400g± 安康魚扒) 2件/包 急凍 #salessea', '$ 49.90']"
429,"['寶達 - 發水魚皮 (冰鮮 0-4度)', '$ 38.00']"
430,"['漁家 - 魚欄直送-台灣午仔魚(馬友魚) 一條裝 約340g 已去除內臟及魚鱗(急凍)', '$ 73.00']"
431,"['鯨魚仔 - 紐西蘭鮟鱇魚扒(400g ) #海鮮 #野生 #燒烤 #小菜', '$ 38.00']"
432,"['JOHN ROSS - 蘇格蘭急凍切片煙三文魚，英國皇室御用品牌John Ross，味道極佳。', '$ 110.00']"
433,"['海的 - 免漿加州鱸魚片250g(急凍18)#健康美味#海鮮#打邊爐#酸菜魚#水煮魚', '$ 48.00']"
434,"['全城熱賣 - [海] · ❤️e閃購❤️ 挪威三文魚頭 (400g± 挪威三文魚頭) 開邊兩塊) 急凍 #salessea', '$ 29.90']"
435,"['MyFridge - 美國阿拉斯加野生紅魚柳100%天然 (一件裝Skin Pack，帶皮) 約140g #無添加#無防腐劑', '$ 29.90']"
436,"['鯨魚仔 - 挪威三文魚鰭(毛重 500g)#氣炸#燒烤#小食#小菜#派對#下酒', '$ 48.00']"
437,"['Foodianna - [海] · 日本半月油甘魚鮫 (250g± 半月油甘魚鮫) #salessea', '$ 68.00']"
438,"['MyFridge - 加拿大急凍多春魚 100%天然 約170g #BBQ#燒烤#氣炸#無添加#無防腐劑', '$ 29.90']"
439,"['漁鮮快遞  - 日本赤魚一夜干250g up(已去頭及開邊)', '$ 56.00']"
440,"['JASS - 台灣一夜干午仔魚(馬友魚) (三去)(急凍) #自家漁場海水養殖 #HACCP #ISO #台灣直送 #台灣美食 #台灣味道 #蒸魚 #煎魚 #海鮮 #急凍 #懶人食材', '$ 68.00']"
441,"['frozen - 急凍BBQ香草魚柳 約454g (急凍-18°C)[新] (7910000981)', '$ 35.00']"
442,"['全城熱賣 - [海] · ❤️e閃購❤️ 挪威 高級煙三文魚 (100g± [黑Premium] 挪威三文魚) #salessea', '$ 59.90']"
443,"['本土養殖 - 本福鯧魚扒L（石鯧魚扒）無須再洗 一開即煮（急凍）', '$ 208.00']"
444,"['Foodianna - [海] · 冰島 格陵蘭比目魚扒 (360g± 比目魚扒) #salessea', '$ 78.00']"
445,"['寶達 - 沙鑽魚 (已去除魚鱗及內臟) (冰鮮) (冷凍 0-4°C)', '$ 58.00']"
446,"['德仕高 - 一口三文魚(蘇格蘭原料)(300克)', '$ 65.00']"
447,"['寶達 - 活凍馬頭魚 (已去除魚鱗及內臟) (冰鮮)', '$ 38.00']"
448,"['金星牌 Superstar - 馬來西亞海捕急凍有皮盲鰽魚柳，味道鮮甜及肉質細滑。每塊重400-500克', '$ 70.00']"
449,"['金星牌 Superstar - 智利急凍三文魚扒，含極豐富奧米加3，有益健康。', '$ 55.00']"
450,"['越飛龍 - 白鰱魚頭 (急凍)', '$ 70.00']"
451,"['寶達 - 牙帶魚 (已去除魚鱗及內臟) (冰鮮) (冷凍 0-4°C)', '$ 80.00']"
452,"['鯨魚仔 - 紅燕星斑去臟去鰓(800g+ 急凍)#石斑#星斑#海鮮#海魚#野生#小菜#火鍋', '$ 128.00']"
453,"['寶達 - 黑倉魚 (已去除魚鱗及內臟) (冰鮮) (冷凍 0-4°C)', '$ 35.00']"
454,"['34° Natural Food - 挪威連皮三文魚柳 (2件裝) (急凍 -18°C) (每件約120g) #急凍#海鮮#氣炸#煎焗#挪威#三文魚', '$ 48.00']"
455,"['CookCookLand - 挪威特大三文魚頭 (開邊) (2塊) 650g (急凍)', '$ 62.00']"
456,"['34° Natural Food - 照燒美國銀鱈魚柳(急凍 -18°C) 280g #照燒 #銀鱈魚柳 #銀鱈魚 #美國', '$ 78.00']"
457,"['Sea mate - 炭燒鰻魚 (170g) (急凍 - 零下18度)', '$ 88.90']"
458,"['鱻 - 酸菜魚套餐B(配手打鯪魚餅) (急凍 -18℃)', '$ 116.00']"
459,"['全城熱賣 - [海] · ❤️e閃購❤️ 美國 野生有皮紅鮭三文魚柳 (320g± ❎ 2 黑袋Sockeye三文魚)連皮/急凍 #salessea', '$ 169.90']"
460,"['寶達 - 活凍鰺魚 (已去除魚鱗及內臟) (冰鮮)', '$ 58.00']"
461,"['CookCookLand - 日本鹽鯖魚一夜干 350克 (急凍)', '$ 77.00']"
462,"['寶達 - 活凍紅魚 (已去除魚鱗及內臟) (冰鮮 0-4度)', '$ 88.00']"
463,"['寶達 - 鯖魚 (已去除魚鱗及內臟) (冰鮮) (冷凍 0-4°C)', '$ 25.00']"
464,"['大榮食品 - 左口魚裙邊刺身(急凍)', '$ 35.50']"
465,"['CookCookLand - 調味海鱸魚片 250g (急凍)', '$ 54.00']"
466,"['德仕高 - 日式墨魚片 (20片)(急凍)', '$ 40.00']"
467,"['GNA HK - 韓國切片鱈魚400g(急凍)', '$ 65.00']"
468,"['真味市場 - 美國銀雪魚 300g (急凍 - 零下18度)', '$ 150.00']"
469,"['極食通 - 日本靜岡產蒲燒鰻魚 (急凍‐18℃) 日本直送', '$ 268.00']"
470,"['全城熱賣 - [海] · ❤️e閃購❤️ 紅星斑魚鮫 ( 370g±) 急凍海鮮 #salessea', '$ 49.90']"
471,"['寶達 - 韓國 醬油八爪魚 600g', '$ 128.00']"
472,"['冷凍煮意 - 挪威煙三文魚 500g (急凍)', '$ 122.00']"
473,"['本土養殖 - 本目鱸扒3XL（鱸魚扒）無須再洗 一開即煮（急凍）', '$ 265.00']"
474,"['全城熱賣 - [海] · ❤️e閃購❤️ 挪威煙燻三文魚肉 (300g 鯨魚仔煙三文魚肉 ) #salessea', '$ 49.90']"
475,"['me - 【挪威】急凍三文魚扒', '$ 49.90']"
476,"['34° Natural Food - 挪威三文魚扒 (急凍 -18°C) 2塊裝（≈400g）#急凍#海鮮#氣炸#煎焗#挪威#三文魚', '$ 63.90']"
477,"['OASIS - ""綠洲""花尾龍躉魚鮫 (急凍)', '$ 238.00']"
478,"['漁鮮快遞 - 煙三文魚100g(急凍)', '$ 45.00']"
479,"['frozen - 泰國鱷魚扒 500g (急凍-18°C)(4897010670325)', '$ 52.00']"
480,"['CookCookLand - 挪威三文魚切扒 (2塊) 合共500g(急凍)', '$ 133.90']"
481,"['漁鮮快遞  - 日本希靈魚(未切)130g(急凍)', '$ 60.00']"
482,"['漁家 - ［魚欄直送］深海黃花魚1條約270g+(已三清) (急凍)', '$ 40.00']"
483,"['CookCookLand - 日本油甘魚鮫 (2-3件裝) 約300-350g (急凍)', '$ 108.00']"
484,"['鯨魚仔 - 野生連尖魚柳(500g 急凍) #海鮮 #烤焗 #香煎 #燒烤 #小菜', '$ 48.00']"
485,"['寶達 - 活凍多春魚 (冰鮮 0-4度)', '$ 48.00']"
486,"['Supreme Cook - 真。酸菜魚 - 中國順德 ""均健"" 金湯 酸菜金鳳魚356克 酸菜魚 魚片 (急凍 -18°C)', '$ 69.00']"
487,"['Yamato - 日本北海道羅臼花魚,開邊一夜干 (Yamato) 400g (急凍)', '$ 128.00']"
488,"['Supreme Cook - 格陵蘭比目魚扒 (300g) (急凍 -18°C)', '$ 39.00']"
489,"['台灣入口 - 台灣吞拿魚腩肉 鮪魚腹肉(急凍-18度, 非刺身)#營養豐富的鮪魚扒，啖啖肉，唔怕有骨#富含DHA&EPA#肉質細緻，在口中化開的軟嫩口感', '$ 97.00']"
490,"['鯨魚仔 - 南海大鷹鯧 (急凍1KG+) #海魚 #海鮮 #小菜 #街市', '$ 220.00']"
491,"['肉室 - 【方便易煮】三文魚腩條', '$ 68.00']"
492,"['寶達 - 活凍馬鮫魚 (已去除魚鱗及內臟) (冰鮮)', '$ 68.00']"
493,"['大鵬海畔 - 東海肉鯧魚x2包裝500g (-18°C 急速鎖鮮)', '$ 19.90']"
494,"['34° Natural Food - 金湯酸菜魚（脆肉鯛魚）(急凍 -18°C) 425g', '$ 52.00']"
495,"['真味市場 - 格陵蘭野生比目魚扒 400g ( 急凍 -18 )', '$ 76.90']"
496,"['鯨魚仔 - 野生鸚鵡魚柳（青衣）(500g 急凍) #海鮮 #烤焗 #香煎 #燒烤 #小菜', '$ 52.00']"
497,"['尚煮食品 - 日本鹽青魚柳(1盒2件) #急凍#海鮮#燒#煎', '$ 78.00']"
498,"['蔡市場 - 台灣秋刀魚', '$ 22.90']"
499,"['FoodWise - 智利三文魚扒 300G', '$ 59.90']"
500,"['全城熱賣 - [海] · ❤️e閃購❤️ 智利大三文魚扒 2件裝 (400g COHO 三文魚扒) #salessea', '$ 79.90']"
501,"['Supreme Cook - 白飯魚/銀魚 (約1000g) (急凍 -18°C)', '$ 89.00']"
502,"['寶達 - 靚漁獲 套餐 【D】- 活凍黃花魚 (已去除魚鱗及內臟) (冰鮮 0-4度) + 活凍大連鮑魚14頭 (6-8隻) (冰鮮)', '$ 135.00']"
503,"['大團圓 - 日式蒲燒鰻魚143克 x 3', '$ 156.00']"
504,"['34° Natural Food - 老壇酸菜魚（脆肉鯛魚）(急凍 -18°C) 425g', '$ 52.00']"
505,"['34° Natural Food - 急凍美國野生紅鮭魚柳 (4塊裝) (急凍 -18°C) 400g', '$ 140.00']"
506,"['34° Natural Food - 日本北海道有頭花魚一夜干 (急凍 -18°C)300-350g #氣炸#焗爐食品#燒烤#煎', '$ 52.00']"
507,"['FoodWise - 智利三文魚柳 250G', '$ 65.00']"
508,"['全城熱賣 - [海] · ❤️e閃購❤️ 美國阿拉斯加銀鱈魚扒 (400g 鱈魚) #salessea', '$ 129.90']"
509,"['34° Natural Food - 越南巴沙魚柳（2塊裝） (急凍 -18°C) 500g #海鮮#氣炸#煎焗', '$ 25.00']"
510,"['寶達 - 白鯧魚 (已去除魚鱗及內臟) (冰鮮) (冷凍 0-4°C)', '$ 35.00']"
511,"['集森 - 日式多春魚(特大)（-18度急凍）(170克)', '$ 48.00']"
512,"['漁鮮快遞  - 紐西蘭鱈魚柳 4塊(急凍)', '$ 58.00']"
513,"['寶達 - 韓國 香辣明太魚 300g', '$ 68.00']"
514,"['Savory - 紐西蘭深海鱈魚柳 (Hoki Loin Fillets) ~4件 ,440克 / 包 +/-5% (-18C)', '$ 56.00']"
515,"['香港 - Kilo Calo 檸檬刁草味即食雕魚240克(2件) (急凍-18°C) ［健身 健康 魚肉 急凍 凍肉 減肥 預食 三文魚 香港製造］', '$ 144.40']"
516,"['漁鮮快遞 - 日本銀魚西京漬100g up(1塊)(急凍)', '$ 78.00']"
517,"['全城熱賣 - [海] · ❤️e閃購❤️ 智利大三文魚扒 2件裝 (400g COHO 三文魚扒) #salessea', '$ 79.90']"
518,"['GNA HK - 韓國烤魚乾片170g(急凍)', '$ 88.00']"
519,"['全城熱賣 - [海] · 格陵蘭野生比目魚柳 (350g 比目魚柳) 有皮去骨 [急凍-18ºC] 新舊包裝隨機出貨 #salessea', '$ 89.00']"
520,"['Leroy - 急凍挪威三文魚柳500g', '$ 138.00']"
521,"['寶達 - 靚漁獲 套餐 【A】- 活凍黃花魚 (已去除魚鱗及內臟) (冰鮮 0-4度) + 鳳紋貝 (新鮮) + 活凍大連鮑魚14頭 (6-8隻) (冰鮮0-4°C)', '$ 148.00']"
522,"['屋台 - 真空蒲燒鰻魚（約200g）#急凍 #鰻魚丼 #即食 #燒物 #日式 #魚柳 #海鮮', '$ 68.00']"
523,"['寶達 - 八爪魚仔 (冰鮮) (冷凍 0-4°C)', '$ 38.00']"
524,"['MyFridge - 原條急凍蒲燒鰻魚 約150-160g #日式料理#定食#丼飯#燒汁', '$ 59.50']"
525,"['鯨魚仔 - 紅燕星斑(600g+ 急凍)#石斑#星斑#海鮮#海魚#去內臟#去鰓#魚湯#燒烤#小菜#火鍋', '$ 98.00']"
526,"['漁鮮快遞  - 多春魚子500g(急凍)', '$ 148.00']"
527,"['鱻 - 剁椒魚頭(急凍 -18℃) ', '$ 78.00']"
528,"['鯨魚仔 - 帶皮比目魚柳 (400g+) (急凍 -18°C)', '$ 124.00']"
529,"['鯨魚仔 - 無鬚鱈魚扒(300g 2片 急凍)#Hake#野生#海鮮#海魚#燒烤#小菜#煎焗', '$ 38.00']"
530,"['Ocean Three - 挪威三文魚鰭', '$ 40.00']"
531,"['寶達 - 魷魚仔 (冰鮮) (冷凍 0-4°C)', '$ 55.00']"
532,"['Peter’s Butchery and Kitchen - 大魚大肉: 桂花魚 + 本地梅頭 (0-4°C)', '$ 148.00']"
533,"['寶達 - 寶達 - 龍脷 (撻沙) (已去除魚鱗及內臟)', '$ 168.00']"
534,"['OASIS - ""綠洲""花尾龍躉魚腩 (急凍)', '$ 125.00']"
535,"['本土養殖 - 本目鱸扒XXL（鱸魚扒）無須再洗 一開即煮 (急凍)', '$ 230.00']"
536,"['CookCookLand - 免漿脆肉鯛魚片 200g (急凍)', '$ 50.00']"
537,"['全城熱賣 - (橙)三文魚魚生(鮭魚-奶素) 230g (急凍-18°C)[素食 素三文魚 煎魚 炸魚 蒸魚 健康 火鍋 炸物 打邊爐 宵夜]', '$ 50.40']"
538,"['全城熱賣 - [海] · ❤️e閃購❤️ 【超肥美】冰島多春魚 (170g ❎ 2 多春魚) #salessea', '$ 59.90']"
539,"['全城熱賣 - [海] · ❤️e閃購❤️ 加拿大 Aqua East 海捕野生岩魚柳 (350g± 岩魚柳) #salessea', '$ 59.90']"
540,"['MyFridge - 紐西蘭青衣柳 約1磅裝 #無添加#無防腐劑', '$ 73.90']"
541,"['海產佬市集 - 急凍越南虎蝦肉(生料) (急凍-18°C)', '$ 42.80']"
542,"['鮮魚薈 - 冰鮮黃立鯧(去鱗去鰓去臟)附送薑蔥(冰鮮0-4°C)', '$ 40.00']"
543,"['LEADER MARINE - 急凍台灣原條龍虎斑', '$ 128.00']"
544,"['鮮魚薈 - 冰鮮紅鮪(去鱗去鰓去臟)附送薑蔥(冰鮮0-4°C)', '$ 58.80']"
545,"['海產佬市集 - 急凍智利藍青口(天然原味) (急凍-18°C)', '$ 25.80']"
546,"['海產佬市集 - 蜆肉200g(急凍-18°C)', '$ 24.80']"
547,"['鮮魚薈 - 土生土長元朗冰鮮烏頭(去鰓去臟)附送薑蔥(冰鮮0-4°C)', '$ 45.00']"
548,"['海產佬市集 - 條紋赤尾冬 (急凍-18°C)', '$ 38.00']"
549,"['PrimeFood - 紐西蘭 青衣柳 (急凍:存放-18℃)#海鮮#蒸#煎#焗#煮#烤', '$ 59.00']"
550,"['全城熱賣 - [海] · ❤️e閃購❤️ 海紅斑火鍋片 (300g 海斑火鍋片) 野生海捕 急凍 #salessea', '$ 89.90']"
551,"['鮮魚薈 - 冰鮮沙巴龍躉(去鱗去鰓去臟)附送薑蔥(冰鮮0-4°C)', '$ 108.00']"
552,"['海產佬市集 - 南美海參 355克 (急凍-18°C)', '$ 42.90']"
553,"['漁鮮快遞 - 日本辛子明太子80g(2-3條入)(急凍)', '$ 48.00']"
554,"['鮮魚薈 - (我去咗鱗版本) 元朗一帆冰鮮烏頭(去鰓去臟去鱗版)附送薑蔥(冰鮮0-4°C)', '$ 46.00']"
555,"['JASS - 台灣天然養殖無毒原條龍虎斑 (三去) 500g-600g +/-', '$ 108.00']"
556,"['海產佬市集 - 日月貝肉(帶子肉) (急凍-18°C)', '$ 48.80']"
557,"['海產佬市集 - 馬爾代夫黑瓜子 2條裝 (急凍-18°)', '$ 98.00']"
558,"['Kunihiro - 日本廣島冷凍高壓加工去殼蠔肉(M)(急凍-18°C)', '$ 198.00']"
559,"['34° Natural Food - 小龍蝦尾 - 蒜蓉味 (急凍 -18°C) 450g', '$ 88.00']"
560,"['鮮魚薈 - 天天新鮮『配料』套餐F - 土生土長元朗冰鮮烏頭 2條(去鰓去臟)附送薑蔥(冰鮮0-4°C)', '$ 88.00']"
561,"['海產佬市集 - 日本金目鯛(無頭)一夜干 (急凍-18°C)', '$ 89.00']"
562,"['海產佬市集 - 馬爾代夫紅雞 2條裝 (急凍-18°)', '$ 98.00']"
563,"['海產佬市集 - 日本北海道野付特大日本帶子(2L) 刺身級 1KG 裝(急凍-18°)', '$ 688.00']"
564,"['鮮魚薈 - 冰鮮東星斑柳(冰鮮0~4度)', '$ 118.00']"
565,"['TASTIBUY - 澳洲海捕大眼雞-孖裝500g X 2 份 (急凍)', '$ 108.00']"
566,"['海產佬市集 - 馬爾代夫紅朱 2條裝 (急凍-18°)', '$ 98.00']"
567,"['海產佬市集 - 急凍日本三重縣金蠔 80克(急凍-18°)', '$ 82.00']"
568,"['海產佬市集 - GARDE日式仿蟹腳棒(6條裝)(急凍-18°)', '$ 48.00']"
569,"['海產佬市集 - 海鮮雜錦 (急凍-18°C)', '$ 24.80']"
570,"['海產佬市集 - 馬爾代夫花頭梅 2條裝 (急凍-18°)', '$ 98.00']"
571,"['34° Natural Food - 急凍仿雪花蟹柳 (急凍 -18°C) 270g', '$ 42.90']"
572,"['上字 - 4條裝 (240g) - 超巨大帝皇大蟹棒(急凍) #日本 #仿大蟹棒 #居酒屋', '$ 43.00']"
573,"['大街市 - 煙肉帶子卷串燒 (急凍)', '$ 69.90']"
574,"['CookCookLand - 紐西蘭青衣柳500克(急凍)', '$ 119.00']"
575,"['寶達 - 大眼雞 (已去除內臟) (冰鮮)', '$ 45.00']"
576,"['34° Natural Food - 原隻小龍蝦 - 十三香味 4-6錢/隻 (急凍-18°C) 750g', '$ 88.00']"
577,"['Savory - 越南 (Ocean King) 南美大白蝦仁 ( IQF White Shrimp) 21-25 件, ~1公斤/包 +/-5% (-18C)', '$ 119.00']"
578,"['34° Natural Food - 原隻小龍蝦 - 麻辣味 6-8錢/隻 (急凍-18°C) 750g', '$ 98.00']"
579,"['TASTIBUY - 澳洲海捕芝麻斑250g(1條)(已三清) (急凍)', '$ 58.00']"
580,"['TASTIBUY - 澳洲海捕大眼雞孖裝400g', '$ 98.00']"
581,"['大鵬海畔 - 蒜蓉粉絲扇貝 220g(-18°C 急凍急速鎖鮮)', '$ 19.90']"
582,"['漁嘩啦 - 泰正宗海鮮冬陰功500克(急凍 - 零下18度)', '$ 84.90']"
583,"['大鵬海畔 - 去腸生蝦仁110g(-18°C 急凍急速鎖鮮)', '$ 14.99']"
584,"['大鵬海畔 - 麻辣小龍蝦尾240g(-18°C 急凍,急速鎖鮮,附帶40g調料包)', '$ 48.00']"
585,"['Savory - 南美白蝦仁 ( IQF White Shrimp) ~31-40件, 1公斤/包 +/- 5% (-18C)', '$ 109.00']"
586,"['漁鮮快遞  - 日本拖羅蓉(約500g)(急凍)', '$ 188.00']"
587,"['口碑 - 無頭甜蝦刺身 5gx30隻', '$ 72.00']"
588,"['34° Natural Food - 加拿大桂花蚌 特大條 (急凍 -18°C) 約280g', '$ 248.00']"
589,"['34° Natural Food - 急凍碗仔翅 (急凍 -18°C) 300g', '$ 42.00']"
590,"['LEADER MARINE - 急凍 ASC 挪威帶皮三文魚柳', '$ 48.00']"
591,"['LEADER MARINE - 急凍挪威鯖魚 (6片裝)', '$ 68.00']"
592,"['LEADER MARINE - 急凍挪威鯖魚 (10片裝)', '$ 95.00']"
593,"['LEADER MARINE - [北歐滋味] 急凍挪威鯖魚及急凍ASC挪威帶皮三文魚柳套餐', '$ 78.00']"
594,"['尚上品 - 方便易煮！啖啖滑．挪威三文魚腩條 #易煮 #方便 #有營養 #健康 #家常小菜 #氣炸 (急凍-18°C)', '$ 76.80']"
595,"['尚品 - 鱈魚膠(15-20片/盒)(150克) #熱賣No.1花膠 #高CP值', '$ 178.00']"
596,"['LEADER MARINE - 急凍荷蘭帶皮鱸魚柳', '$ 63.00']"
597,"['尚上品 - 每片獨立包裝！格陵蘭野生比目魚柳帶皮去骨(350g/5-7塊) #煎 #烤 #焗 #蒸 #方便易煮 #小朋友 (急凍-18°C)', '$ 78.00']"
598,"['LEADER MARINE - 急凍荷蘭帶皮鯛魚柳', '$ 45.00']"
599,"['COOKS & CO - [英國直送] 葵花籽油浸鯷魚魚柳', '$ 56.20']"
600,"['台灣熱賣 - 華誠 - 酸菜鮮魚片 500g (急凍-18°C) [魚片 氣炸食品 火鍋 煎 蒸 ]', '$ 59.80']"
601,"['Supreme Cook - 蘋果木煙燻三文魚(100g) (急凍 -18°C) (此日期前最佳：2023年5月16日)', '$ 48.00']"
602,"['frozen - 格靈蘭比目魚扒 約454g (急凍-18°C)(4897010670233) #海鮮#氣炸#煎焗', '$ 65.00']"
603,"['台灣熱賣 - 【新產品】佳辰台灣鯛魚下巴 500g (急凍-18°C) **淺藍色袋 [魚鮫]', '$ 88.00']"
604,"['SIMPLY WEST COAST - SIMPLY WEST COAST 加拿大急凍野生比目魚柳 (200g) (最少30日食用期)', '$ 198.00']"
605,"['意記 - (原條-2條)金鯧魚(500g)(急凍-18°C) (每條約200-300g)', '$ 40.00']"
606,"['CookCookLand - 免漿黑魚片 250g (急凍)', '$ 54.00']"
607,"['零食大王 - 越南鯰魚柳 ASC 500g (急凍-18°C) (4897010670219)#海鮮#氣炸#煎焗', '$ 29.00']"
608,"['frozen - 赤魚一夜干半身2枚 120-170g (急凍-18°C)', '$ 55.00']"
609,"['極食通 - 對馬醬油煮海鰻 -3L (急凍‐18℃) 日本直送 #即食鰻魚 #鰻魚', '$ 143.00']"
610,"['尚煮食品 - 【孖裝】日本鳥取蒸燒鯖魚柳 (160g/包 x 2) (急凍-18°C)', '$ 84.00']"
611,"['香港 - Kilo Calo 檸檬刁草味即食三文魚120克(2件)(急凍-18°C) [健身 健康 魚肉 急凍 凍肉 減肥 預食 三文魚 香港製造］', '$ 147.30']"
612,"['意記 - (原條-2條)金鯧魚(500g)(急凍-18°C) (每條約200-300g)', '$ 40.00']"
613,"['口碑 - 急凍有皮白鯛魚柳（淨重280克）#急凍#海鮮#氣炸#蒸焗', '$ 52.00']"
614,"['Peter’s Butchery and Kitchen - 新界魚市場: 孖膠 (墨魚拼蝦) 150g+150g (本地加工) (0-4°C)', '$ 75.00']"
615,"['香港 - Kilo Calo 檸檬刁草味即食雕魚 240克 (2件) (急凍-18°C)', '$ 144.40']"
616,"['Peter’s Butchery and Kitchen - 靚湯精選組合: 生魚 + 本地煲湯尾骨 (0-4°C)', '$ 80.00']"
617,"['Peter’s Butchery and Kitchen - 靚湯精選組合: 生魚 (約350克) + 本地瘦肉 (220克) (0-4°C)', '$ 85.00']"
618,"['Peter’s Butchery and Kitchen - 新界魚市場: 蝦滑 150g (本地加工) (0-4°C)', '$ 42.00']"
619,"['Peter’s Butchery and Kitchen - 新界魚市場: 墨魚滑 150g (本地加工) (0-4°C)', '$ 42.00']"
620,"['寶達 - 活凍海金魚 (已去除魚鱗及內臟) (冰鮮 0-4度)', '$ 58.00']"
621,"['鮮魚薈 - 冰鮮紐西蘭大西洋胸棘鯛(橙鯛)魚柳 (冰鮮0-4°C)', '$ 82.00']"
622,"['Peter’s Butchery and Kitchen - 靚湯精選組合: 生魚 + 本地豬展 (0-4°C)', '$ 96.00']"
623,"['Peter’s Butchery and Kitchen - 大魚大肉火煱精選: 本地蝦滑 150g + 本地火鍋腩片 300g (0-4°C)', '$ 98.00']"
624,"['Peter’s Butchery and Kitchen - 大魚大肉火煱精選: 墨魚滑 150g + 本地火鍋腩片 300g (0-4°C)', '$ 98.00']"
625,"['Peter’s Butchery and Kitchen - 大魚大肉火煱精選: 雙拼孖滑(墨魚&蝦) + 本地火鍋腩片 (0-4°C)', '$ 136.00']"
626,"['Peter’s Butchery and Kitchen - 大魚大肉火煱精選: 白鱔 + 本地火鍋腩片 (0-4°C)', '$ 152.00']"
627,"['Feldts - 有殼北極蝦 500g (急凍-18°C) (最佳食用限期: 2023年6月9日)', '$ 112.00']"
628,"['#Good_ - 日本瀬戸内海(廣島)蠔肉(2L)(急凍-18°C)#日本直送#廣島蠔#海鮮#貝類#吉列炸#打邊爐#煎焗', '$ 158.00']"
629,"['LEADER MARINE - [香港鮮凍] 本地優質原條黃立倉', '$ 20.00']"
630,"['#Good_ - 日本瀬戸内海(廣島)蠔肉(L)(急凍-18°C)#日本直送#廣島蠔#海鮮#貝類#吉列炸#打邊爐#煎焗', '$ 128.00']"
631,"['MyFridge - 紐西蘭青衣柳 約1磅裝 #無添加#無防腐劑', '$ 73.90']"
632,"['海產佬市集 - 急凍越南虎蝦肉(生料) (急凍-18°C)', '$ 42.80']"
633,"['鮮魚薈 - 冰鮮黃立鯧(去鱗去鰓去臟)附送薑蔥(冰鮮0-4°C)', '$ 40.00']"
634,"['LEADER MARINE - 急凍台灣原條龍虎斑', '$ 128.00']"
635,"['鮮魚薈 - 冰鮮紅鮪(去鱗去鰓去臟)附送薑蔥(冰鮮0-4°C)', '$ 58.80']"
636,"['海產佬市集 - 急凍智利藍青口(天然原味) (急凍-18°C)', '$ 25.80']"
637,"['海產佬市集 - 蜆肉200g(急凍-18°C)', '$ 24.80']"
638,"['鮮魚薈 - 土生土長元朗冰鮮烏頭(去鰓去臟)附送薑蔥(冰鮮0-4°C)', '$ 45.00']"
639,"['海產佬市集 - 條紋赤尾冬 (急凍-18°C)', '$ 38.00']"
640,"['PrimeFood - 紐西蘭 青衣柳 (急凍:存放-18℃)#海鮮#蒸#煎#焗#煮#烤', '$ 59.00']"
641,"['全城熱賣 - [海] · ❤️e閃購❤️ 海紅斑火鍋片 (300g 海斑火鍋片) 野生海捕 急凍 #salessea', '$ 89.90']"
642,"['鮮魚薈 - 冰鮮沙巴龍躉(去鱗去鰓去臟)附送薑蔥(冰鮮0-4°C)', '$ 108.00']"
643,"['海產佬市集 - 南美海參 355克 (急凍-18°C)', '$ 42.90']"
644,"['漁鮮快遞 - 日本辛子明太子80g(2-3條入)(急凍)', '$ 48.00']"
645,"['鮮魚薈 - (我去咗鱗版本) 元朗一帆冰鮮烏頭(去鰓去臟去鱗版)附送薑蔥(冰鮮0-4°C)', '$ 46.00']"
646,"['JASS - 台灣天然養殖無毒原條龍虎斑 (三去) 500g-600g +/-', '$ 108.00']"
647,"['海產佬市集 - 日月貝肉(帶子肉) (急凍-18°C)', '$ 48.80']"
648,"['海產佬市集 - 馬爾代夫黑瓜子 2條裝 (急凍-18°)', '$ 98.00']"
649,"['Kunihiro - 日本廣島冷凍高壓加工去殼蠔肉(M)(急凍-18°C)', '$ 198.00']"
650,"['34° Natural Food - 小龍蝦尾 - 蒜蓉味 (急凍 -18°C) 450g', '$ 88.00']"
651,"['鮮魚薈 - 天天新鮮『配料』套餐F - 土生土長元朗冰鮮烏頭 2條(去鰓去臟)附送薑蔥(冰鮮0-4°C)', '$ 88.00']"
652,"['海產佬市集 - 日本金目鯛(無頭)一夜干 (急凍-18°C)', '$ 89.00']"
653,"['海產佬市集 - 馬爾代夫紅雞 2條裝 (急凍-18°)', '$ 98.00']"
654,"['海產佬市集 - 日本北海道野付特大日本帶子(2L) 刺身級 1KG 裝(急凍-18°)', '$ 688.00']"
655,"['鮮魚薈 - 冰鮮東星斑柳(冰鮮0~4度)', '$ 118.00']"
656,"['TASTIBUY - 澳洲海捕大眼雞-孖裝500g X 2 份 (急凍)', '$ 108.00']"
657,"['海產佬市集 - 馬爾代夫紅朱 2條裝 (急凍-18°)', '$ 98.00']"
658,"['海產佬市集 - 急凍日本三重縣金蠔 80克(急凍-18°)', '$ 82.00']"
659,"['海產佬市集 - GARDE日式仿蟹腳棒(6條裝)(急凍-18°)', '$ 48.00']"
660,"['34° Natural Food - 熟章魚粒(急凍 -18°C) 約200g', '$ 35.00']"
661,"['Others - 智利三文魚扒 #OMEGA-3 (急凍)', '$ 38.00']"
662,"['港食肉 - 海的急凍黃花魚 (三去開肚)(250克/包)(急凍-18°C)', '$ 38.00']"
663,"['海的 - 【方便免劏】黃花魚', '$ 38.00']"
664,"['everbest - 魚腐竹卷300g', '$ 38.00']"
665,"['Lokyee - 挪威三文魚扒(急凍-18°C)#海鮮#鐵板#煎焗 此日期前最佳:2023年08月31日', '$ 38.00']"
666,"['Taylor Shellfish Farm - 泰勒-日本產多春魚5L(8條裝)', '$ 38.50']"
667,"['蔡市場 - 越南鯰魚柳', '$ 39.90']"
668,"['Peter’s Butchery and Kitchen - 新界魚市場: 蝦滑 150g (本地加工) (0-4°C)', '$ 42.00']"
669,"['Peter’s Butchery and Kitchen - 新界魚市場: 墨魚滑 150g (本地加工) (0-4°C)', '$ 42.00']"
670,"['34° Natural Food - 急凍魚唇絲 (急凍 -18°C) 450g', '$ 42.00']"
671,"['Chop Chop - 鯖魚柳 (~300g/2件) (急凍)', '$ 42.00']"
672,"['全城熱賣 - 香烤鱈魚(蛋奶素) 250g (急凍-18°C) 素食 雪魚', '$ 43.00']"
673,"['Taylor Shellfish Farm - 泰勒-赤魚一夜干(半身2枚)', '$ 46.90']"
674,"['me - 【加拿大】急凍多春魚', '$ 47.00']"
675,"['CoolFood - 日本直送！北海黃希靈魚刺身(解凍即食約130g ) 急凍', '$ 47.90']"
676,"['尚煮食品 - 冰島格陵蘭比目魚柳 (360G) (急凍-18°C)', '$ 48.00']"
677,"['Others - 羅非薄切滑魚片 #滑嫩 (急凍)', '$ 48.00']"
678,"['Others - 冰島比目魚扒 #低脂高蛋白 (急凍)', '$ 48.00']"
679,"['Others - 金湯酸菜魚 #翻熱即食#酸辣開胃(急凍)', '$ 48.00']"
680,"['34° Natural Food - 照燒格陵蘭比目魚柳(急凍 -18°C) 280g #照燒 #比目魚 #比目魚柳 #格陵蘭', '$ 48.00']"
681,"['真味市場 - 調味鮮魚柳 500g (急凍 - 零下18度)', '$ 48.00']"
682,"['屋台 - 藤椒魚 (310g) (急凍 -18°C)', '$ 48.00']"
683,"['雷澳美食 - 熱煙有皮三文魚件 (急凍-18°C存放)有180天保存期(出貨日起計)', '$ 48.00']"
684,"['Manna J - 水煮魚片454g (含魚片) (急凍-18°C)', '$ 48.50']"
685,"['大鵬海畔 - 加拿大多春魚300g(-18°C 急凍急速鎖鮮)', '$ 49.00']"
686,"['Hong Kong - 精選 厚切三文魚扒#約250克#盒裝', '$ 49.00']"
687,"['全城熱賣 - 香烤鱈魚(蛋奶素) 250g (急凍-18°C)[素食 雪魚 煎魚 炸魚 蒸魚 健康 炸物 打邊爐 火鍋 宵夜]香烤鱈魚(蛋奶素) 250g (急凍-18°C)[素食 雪魚 煎魚 炸魚 蒸魚 健康 炸物 打邊爐 火鍋 宵夜]', '$ 49.40']"
688,"['屋台 - 酸菜魚 (420g) (急凍 -18°C)', '$ 52.00']"
689,"['金星牌 Superstar - 紐西蘭深海急凍青衣魚柳，無骨無皮，肉質結實', '$ 53.00']"
690,"['均健 - 【鮮嫩】番茄金鳳魚片材料包', '$ 55.90']"
691,"['Manna J - Manna J酸菜魚片454g', '$ 56.00']"
692,"['全城熱賣 - (鰻片)蒲燒素鰻片(蛋奶素) 300g (急凍-18°C)內有8小片[素食 素魚 曼魚 鰻魚 煎魚 炸魚 蒸魚 健康 火鍋 炸物 打邊爐 宵夜]', '$ 56.90']"
693,"['尚煮食品 - 加拿大野生岩魚柳 (350g) (急凍-18°C)', '$ 58.00']"
694,"['Supreme Cook - 炸手指魚375g (2包) (急凍 -18°C)', '$ 58.00']"
695,"['均健 - 【生態養殖】金鳳魚片', '$ 58.00']"
696,"['寶達 - 活凍海金魚 (已去除魚鱗及內臟) (冰鮮 0-4度)', '$ 58.00']"
697,"['大鵬海畔 - 去頭小黃魚400g(-18°C 急凍急速鎖鮮)', '$ 59.00']"
698,"['Dahae Food - 綠茶醬醃魷魚 （急凍-18°C）', '$ 59.00']"
699,"['Dahae Food - 綠茶醬醃章魚 （急凍-18°C）', '$ 59.00']"
700,"['全城熱賣 - [海] · ❤️e閃購❤️ 挪威 高級煙三文魚 (100g± [黑Premium] 挪威三文魚) #salessea', '$ 59.90']"
701,"['零食大王 - 泰國野生石班魚柳 320g (急凍-18°C) (4897010671995)#海鮮#氣炸#煎焗', '$ 59.90']"
702,"['鯨魚仔 - 紅星班魚骹(370g) (急凍 -18°C)', '$ 60.00']"
703,"['卡美 - 煙挪威三文魚切片 (2件裝) (急凍-18°C)', '$ 60.00']"
704,"['CookCookLand - 日本蔥味三文魚 180g(急凍)', '$ 61.00']"
705,"['Taylor Shellfish Farm - 泰勒-北海道花魚一夜干M', '$ 61.90']"
706,"['大團圓 - 日式蒲燒鰻魚143克', '$ 62.00']"
707,"['Marina King - 加拿大Marina King野生岩魚柳 (急凍 - 零下18度)(新舊包裝隨機發送)', '$ 63.90']"
708,"['懶人堂 - Blue Crystal 格陵蘭 比目魚柳 #健康好味', '$ 65.00']"
709,"['海的 - 海鱸魚扒(急凍18℃)', '$ 67.00']"
710,"['34° Natural Food - 大西洋三文魚腩 (急凍 -18°C) 500g #急凍#海鮮#氣炸#煎焗#三文魚', '$ 68.00']"
711,"['尚煮食品 - 越南紅鯛魚柳 (有皮去骨) (400g) (急凍-18°C)', '$ 68.00']"
712,"['真味市場 - 智利 三文魚 頭 450g x 2 (急凍 - 零下18度)', '$ 68.00']"
713,"['寶達 - 韓國 生醃辣醬八爪魚粒 300g', '$ 68.00']"
714,"['均健 - 【生態養殖】加州鱸魚片', '$ 68.00']"
715,"['意記 - 原條A級蒲燒鰻魚(約200g) (急凍-18°C)', '$ 68.00']"
716,"['激安百貨 - 紐西蘭 野生捕獲的鱈魚 脆炸魚手指 New Zealand Sealord 400G (急凍-18°C)', '$ 68.00']"
717,"['鯨魚仔 - 大西洋三文魚扒(魚) (340g) (急凍 -18°C)', '$ 68.00']"
718,"['CookCookLand - 美國銀鱈魚尾段 (2-4件) 200g (急凍) #煲湯良品', '$ 70.00']"
719,"['Manna J - 挪威 比目魚扒 400克', '$ 76.00']"
720,"['L’Isola d’Oro - 意大利橄欖油浸三文魚150克', '$ 81.00']"
721,"['Walden Farms - 【零卡路里/零脂肪】天然奇異調味醬/沙拉醬(340 g)-生酮飲食概念系列/三文治/通心粉/西餐/吞拿魚', '$ 89.00']"
722,"['Captain Chef - 大西洋有皮三文魚柳 (250g)(急凍 -18°C) #海鮮#煎焗#氣炸#燒烤#無添加#無化學劑#Omega-3#蛋白質#低脂', '$ 98.00']"
723,"['尚品 - 挪威鱈魚膠(13-16片/盒)(120克) #至抵食花膠 #燜炒 #打邊爐 #熱賣', '$ 138.00']"
724,"['Chateau Giscours 美人魚酒莊 - 【法國波爾多】2016 美人魚 桃紅', '$ 165.00']"
725,"['家+Club - 翹花膠 丹麥鱈魚花膠超值裝 (小紅) 150g包裝 100頭 丹麥進口 香港自設工場 深海鱈魚製成 保留花膠鮮味 滿滿骨膠原', '$ 238.00']"
726,"['家+Club - 翹花膠 皇牌丹麥鱈魚花膠 (大紅) 604g包裝 50頭 丹麥進口 香港自設工場 深海鱈魚製成 保留花膠鮮味 滿滿骨膠原', '$ 998.00']"
727,"['尊西 - [英國直送] 葵花籽油浸吞拿魚塊（4盒裝）', '$ 47.90']"
728,"['尊西 - [英國直送] 鹽水浸吞拿魚塊（4盒裝）', '$ 39.90']"
729,"['Norsk Sjømat AS - 挪威三文魚柳 (急凍-18°C)#海鮮#煎焗', '$ 119.90']"
730,"['捌玖零 - [急凍］金牌地道魚肉燒賣 #網民力捧 #燒賣關注組關注項目', '$ 35.00']"
731,"['大街市 - 格陵蘭島比目魚柳 (急凍-18°C)#海鮮#煎焗', '$ 59.90']"
732,"['金龍牌 - 【約2磅裝】香港製造金龍魚肉燒賣 配本地老字號甜豉油及辣椒油', '$ 60.00']"
733,"['叁拾士多 - ［2袋］30士多魚肉燒賣', '$ 90.00']"
734,"['大街市 - 日式浦燒鰻魚 (急凍-18°C)#海鮮#氣炸', '$ 60.00']"
735,"['Norsk Sjømat AS - 挪威三文魚柳 (連皮) (急凍-18°C)#海鮮#煎焗', '$ 63.90']"
736,"['大街市 - 挪威(大西洋)三文魚扒 (急凍-18°C)#海鮮#鐵板#煎焗', '$ 79.90']"
737,"['口碑 - 挪威切片煙三文魚(净肉重量 720-850g) #急凍#海鮮#即食#前菜#沙律', '$ 208.00']"
738,"['叁拾士多 - 30士多爆茜魚肉燒賣 + 手工魚肉燒賣', '$ 110.00']"
739,"['李錦記 - 舊庒蠔油+蒸魚豉油 優惠裝', '$ 70.00']"
740,"['信玄 - 樽裝醬油鮑魚 #日本海產#老字號#即開即食 (到期日: 31/3/2023 或之前)', '$ 20.00']"
741,"['扇屋 - 一口鱈魚芝士條', '$ 43.90']"
742,"['為食熊 - 【日本直送】三文魚子(醬油漬)(50g)(急凍-18°C )(いくら醤油漬)(鱒魚子) #軍艦 #壽司 #日本料理 #刺身 #海鮮', '$ 54.80']"
743,"['Royal Greenland Brand - 直切比目魚(急凍-18°C)#海鮮#煎焗', '$ 60.00']"
744,"['IRVINS Salted Egg - 鹹蛋魚皮 細包裝 105G x 2', '$ 110.00']"
745,"['鴻福堂 - 鮑魚響螺淮杞雞湯 400ml (本地薑獨家發售 加熱即飲 補而不燥、滋陰補腎 100%無添加| 香港製造) #即飲湯包 #懶人湯包 #中湯 #湯品', '$ 58.00']"
746,"['天威食品 - 金龍 - 魚肉燒賣（1磅裝）- 香港製造', '$ 33.50']"
747,"['Pacific West - 香脆芝士魚柳(-18°C)#海鮮#氣炸#煎焗', '$ 49.90']"
748,"['大街市 - 大西洋鱈魚柳 (急凍-18°C)#海鮮#氣炸', '$ 89.90']"
749,"['大阪王將 - 大阪王將餃子 (鰹魚味) (2件裝) (急凍-18°C)', '$ 40.00']"
750,"['孖媽秘製 - [2包]【潤喉護聲】冰糖川貝薑梨喉糖(2包) ｜舒緩長新冠 含魚腥草抗炎 預防感冒 舒緩喉嚨不適', '$ 26.00']"
751,"['海邊走走 - | 香港官方行貨 | 新鮮魚骨頭酥 （單罐）', '$ 58.00']"
752,"['IRVINS Salted Egg - 鹹蛋魚皮 大包裝 230G x 2', '$ 220.00']"
753,"['金御豐 - 馬來西亞製白魚丸 #大大粒#彈牙#bbq#火鍋#魚蛋 (300g)(急凍)(到期日: 31/05/2023 或 30/09/2023 之前)', '$ 26.80']"
754,"['DAHFA - 大發 鱈魚香絲 8g x 10包', '$ 26.50']"
755,"['李錦記 - 蒸魚豉油 優惠裝', '$ 26.90']"
756,"['信玄 - 樽裝醬油鮑魚 #日本海產#老字號#即開即食 (到期日: 31/3/2023 或之前)', '$ 20.00']"
757,"['日本 - かね七高湯-鰹魚昆布香菇調味粉4g×50包 (獨立包裝)', '$ 39.90']"
758,"['珠江橋牌 - Ⓕ罐 · ❤️快閃❤️ 豆豉鯪魚 (184g❎2) 珠江橋牌豆豉鯪魚 罐頭 魚罐頭 平行進口 #salesflash', '$ 40.00']"
759,"['金御豐 - 【優惠孖裝】馬來西亞製白魚丸+炸魚丸 #鮮魚#大大粒#彈牙#bbq#火鍋#魚蛋 (300gX2)(急凍)(到期日: 31/5/2023 或 30/09/2023 之前)', '$ 53.00']"
760,"['美味牌 - 礦泉水浸吞拿魚 x 4', '$ 66.90']"
761,"['漁鮮快遞  - 馬來西亞白魚蛋 1磅(約20粒)(急凍)', '$ 32.00']"
762,"['捌玖零 - [急凍］金牌地道魚肉燒賣 #網民力捧 #燒賣關注組關注項目', '$ 65.90']"
763,"['為食熊 - 惹味香辣泡椒魚皮1包 (150g) (急凍-18°C)', '$ 33.80']"
764,"['扇屋 - 一口鱈魚芝士條 2.8g x 48本 (4970765131126) 一口芝士零食 扇屋', '$ 37.80']"
765,"['金御豐 - 【2包裝】馬來西亞白魚丸 #大大粒#彈牙#bbq#火鍋#魚蛋 (300g)(急凍)(到期日: 31/05/2023 或 30/09/2023 之前)', '$ 53.00']"
766,"['大街市 - 港式蝦滑拼墨魚滑(急凍-18°C)#火鍋#墨魚丸#蝦丸', '$ 58.50']"
767,"['風味牌 - 日式吞拿魚餐 x 4', '$ 55.00']"
768,"['GNA HK - 韓國明太魚籽餃子630g(急凍)', '$ 60.00']"
769,"['盞記 - 頂級鱷魚肉乾 (2両袋裝)', '$ 60.00']"
770,"['尚品 - 尚品回味鮑-紅燒一口鮑魚(6隻裝)(180克)x3罐 #秘製紅燒汁 #一口鮑 #即食鮑魚 #加餸首選', '$ 108.00']"
771,"['珠江橋牌 - 豆豉鯪魚 150g x 2', '$ 40.00']"
772,"['風味牌 - 美式吞拿魚餐 x 4', '$ 55.00']"
773,"['葡國老人牌 - 辣欖油沙甸魚 x 3', '$ 50.00']"
774,"['Orion - 東洋紫菜味魚仔餅-盒裝 3x33g', '$ 17.50']"
775,"['盛田 - [日本直送] 萬能和風昆布鰹魚汁(2倍) x 2', '$ 42.50']"
776,"['尚品 - [即開即食] 尚品阿福鮑魚(四隻裝) x4罐', '$ 248.00']"
777,"['NINBEN - 日本3倍濃厚鰹魚醬油鰹魚汁1000ml (#001316)', '$ 60.00']"
778,"['官燕棧 - 紅燒鮑魚4頭 200克 x 3罐優惠裝', '$ 108.00']"
779,"['YAMAKI - 鰹魚粉 鰹魚湯 底包 調味粉包 汁 4g×(54袋+增量3袋)平行進口 (4903065061367)', '$ 19.90']"
780,"['盞記 - 頂級鱷魚肉乾 (2両袋裝)', '$ 60.00']"
781,"['尚品 - 尚品回味鮑-紅燒一口鮑魚(6隻裝)(180克)x3罐 #秘製紅燒汁 #一口鮑 #即食鮑魚 #加餸首選', '$ 108.00']"
782,"['珠江橋牌 - 豆豉鯪魚 150g x 2', '$ 40.00']"
783,"['風味牌 - 美式吞拿魚餐 x 4', '$ 55.00']"
784,"['葡國老人牌 - 辣欖油沙甸魚 x 3', '$ 50.00']"
785,"['Orion - 東洋紫菜味魚仔餅-盒裝 3x33g', '$ 17.50']"
786,"['盛田 - [日本直送] 萬能和風昆布鰹魚汁(2倍) x 2', '$ 42.50']"
787,"['尚品 - [即開即食] 尚品阿福鮑魚(四隻裝) x4罐', '$ 248.00']"
788,"['NINBEN - 日本3倍濃厚鰹魚醬油鰹魚汁1000ml (#001316)', '$ 60.00']"
789,"['官燕棧 - 紅燒鮑魚4頭 200克 x 3罐優惠裝', '$ 108.00']"
790,"['YAMAKI - 鰹魚粉 鰹魚湯 底包 調味粉包 汁 4g×(54袋+增量3袋)平行進口 (4903065061367)', '$ 19.90']"
791,"['大澳老友記 - 大地魚粉', '$ 60.00']"
792,"['GNA HK - 韓國氣炸脆皮拉絲芝士魚肉腸熱狗(400g)(急凍)', '$ 60.00']"
793,"['大街市 - 石班魚柳 (急凍-18°C)#海鮮#氣炸#煎焗', '$ 40.00']"
794,"['知味 - 泰國風琴魷魚 80克', '$ 65.00']"
795,"['美味牌 - 礦泉水浸吞拿魚 x 6', '$ 64.90']"
796,"['金鴨 - (兩包裝) 鹹蛋魚皮 105克/包 (此日期前最佳:19-10-2023) #火鍋 #打邊爐 #零食 #炸魚皮 #魚皮 #咸蛋魚皮 #新加坡', '$ 112.00']"
797,"['Seoul G&B - [韓國直送] 惹味魚乾條 #送酒一流', '$ 20.00']"
798,"['大囍慶 - 滋味魚湯麵(2包)', '$ 60.00']"
799,"['官燕棧 - 清湯鮑魚6-8頭425克', '$ 128.00']"
800,"['LEADER MARINE - 急凍日本油甘魚鮫 (5隻裝x2)', '$ 220.00']"
801,"['魚陣營 - 羅定魚腐 - (急凍) #火鍋 #打邊爐 #氣炸 #BBQ', '$ 17.90']"
802,"['漁鮮快遞  - 長洲大魚蛋(9-10粒) 1磅 (急凍)', '$ 38.00']"
803,"['YAMAKI - [日本直送] 鰹魚湯底湯包54包裝 #高湯', '$ 23.90']"
804,"['濱濤 - Bento超味魷魚(香辣)(藍) (12+(1包甜辣味)*4g)', '$ 20.00']"
805,"['Tableland - 日本越光米即食鯛魚粥 1人前 250g x2包 (038304/粉)', '$ 38.00']"
806,"['宗家府 - 魷魚泡菜(冷凍)', '$ 29.90']"
807,"['Tableland - 日本越光米即食鮭魚粥 1人前 250g x2包 (038052/橙)', '$ 38.00']"
808,"['大發 - 大發 鱈魚絲零食 8g X 5 小包(絲)', '$ 12.50']"
809,"['李錦記 - 蒸魚豉油 x 2', '$ 37.80']"
810,"['KANETA - 鮭魚鬆 120g', '$ 37.00']"
811,"['上環海味佬辦館 - 紅燒魚柳 #香辣魚柳 半磅裝225g #香港品牌#懷舊小食', '$ 55.00']"
812,"['家樂牌 - 鮑魚雞湯快熟通心粉 x 5', '$ 36.00']"
813,"['Na - 5包 韓國魚乾 香烤魚片 (辣味) (5g) 送酒小食 韓國零食 送酒必備 (平行進口)新舊包裝隨機發貨', '$ 20.00']"
814,"['LEADER MARINE - 急凍ASC越南鯰魚柳 (約6-8條)', '$ 63.00']"
815,"['濱濤 - Bento超味魷魚(甜辣)(紅) (12+1包*4g)', '$ 20.00']"
816,"['御壹工房 - 蓮藕章魚螺片燉豬展湯 #加熱即飲湯包 #含湯料', '$ 34.00']"
817,"['善字牌 - 善字牌魚肉腸 6條裝 (1條22g) x 3包 (4902782004268_3)[善字牌]', '$ 29.70']"
818,"['順南 - 原味即飲燉湯 (人參雞湯, 茶樹菇雞湯, 紅棗雞湯, 蟲草花雞湯, 章魚節瓜燉瘦肉湯, 陳皮冬瓜燉鴨腿湯, 青紅蘿蔔燉瘦肉湯) 500g x 7packs 各1包', '$ 245.00']"
819,"['艦長牌 - 煙燻鱈魚魚肝 x2 #無糖 #生酮 #低碳', '$ 57.00']"
820,"['阿一鮑魚 - 阿一紅燒鮑魚乾鮑口味(6隻罐裝)', '$ 328.00']"
821,"['御壹工房 - 天麻川芎白芷燉魚頭湯 #加熱即飲湯包 #含湯料', '$ 38.00']"
822,"['大孖 - 秘撈魚蛋醬 340g (撈魚蛋、燒賣或粉麵)', '$ 42.00']"
823,"['葡國老人牌 - 欖油沙甸魚 x 3', '$ 50.00']"
824,"['魚陣營 - [火鍋特選裝]陣陣魚麵[4個麵餅]-(急凍) #火鍋 #打邊爐 #氣炸 #BBQ', '$ 59.80']"
825,"['上環海味佬辦館 - 泰國原隻魷魚吊片 90g #香辣魷魚吊片 #微辣且鮮味#炭燒', '$ 60.00']"
826,"['HOTEI - 日本無添加低脂水煮吞拿魚罐頭 3罐裝  [新舊包裝隨機出貨]', '$ 37.50']"
827,"['安記海味 - 安記溏心鮑魚系列嚐鮮優惠裝(3-4隻裝)【金牌/金蠔醬油/花膠 3款各1罐】', '$ 114.00']"
828,"['善字牌 - 8枝裝魚肉腸', '$ 20.50']"
829,"['Na - 5包 韓國魚乾 香烤魚片 (燒烤味) (5g) 送酒小食 韓國零食 送酒必備 (平行進口)新舊包裝隨機發貨', '$ 20.00']"
830,"['MARUSAN - [日本直送] 雞骨鰹魚昆布火鍋湯底 #打邊爐 (新舊包裝隨機送出)', '$ 22.90']"
831,"['金豬嘜 - 至尊原隻豬手拼紅燒鮑魚', '$ 108.00']"
832,"['大街市 - 越南盲曹魚柳片 (急凍-18°C)#海鮮#煎焗', '$ 40.00']"
833,"['叁拾士多 - 30士多燒賣組合 A（傳統魚肉燒賣 x 2 + 爆茜魚肉燒賣 x 1）', '$ 150.00']"
834,"['Prik Me - 非油炸無糖三文魚皮咸蛋黃 ❤️美味 不油膩 非油炸 口感豐富 ❤️無糖/無麵粉/無味精/生酮友好/低碳/高蛋白/脆口健康零食 #火鍋 #海鮮#打邊爐 #睇戲減肥必備健康零食#配搭可樂啤酒', '$ 63.80']"
835,"['永樂粉麵廠 - [幼麵/12隻裝]濃香魚湯芫荽幼麵 (麵湯融合 無須調味 本地新鮮製造)', '$ 95.00']"
836,"['淘大 - 蒸魚豉油 x 2 #香港製造 #豉油', '$ 25.00']"
837,"['YAMAKI - 鰹魚高湯湯包粉 日本家庭必備 容易使用超值抵買 鰹魚粉 [新舊包裝隨機出貨]', '$ 16.90']"
838,"['Pigeon - 高鈣小魚米餅 2枚6包裝 X2盒 (#1003932)', '$ 42.00']"
839,"['TM - [泰國直送] 梅香馬鮫鹹魚 #先蒸軟再煎香 #送飯 #馬友', '$ 40.00']"
840,"['李錦記 - 蒸魚豉油 優惠裝', '$ 26.90']"
841,"['信玄 - 樽裝醬油鮑魚 #日本海產#老字號#即開即食 (到期日: 31/3/2023 或之前)', '$ 20.00']"
842,"['日本 - かね七高湯-鰹魚昆布香菇調味粉4g×50包 (獨立包裝)', '$ 39.90']"
843,"['珠江橋牌 - Ⓕ罐 · ❤️快閃❤️ 豆豉鯪魚 (184g❎2) 珠江橋牌豆豉鯪魚 罐頭 魚罐頭 平行進口 #salesflash', '$ 40.00']"
844,"['金御豐 - 【優惠孖裝】馬來西亞製白魚丸+炸魚丸 #鮮魚#大大粒#彈牙#bbq#火鍋#魚蛋 (300gX2)(急凍)(到期日: 31/5/2023 或 30/09/2023 之前)', '$ 53.00']"
845,"['美味牌 - 礦泉水浸吞拿魚 x 4', '$ 66.90']"
846,"['漁鮮快遞  - 馬來西亞白魚蛋 1磅(約20粒)(急凍)', '$ 32.00']"
847,"['捌玖零 - [急凍］金牌地道魚肉燒賣 #網民力捧 #燒賣關注組關注項目', '$ 65.90']"
848,"['為食熊 - 惹味香辣泡椒魚皮1包 (150g) (急凍-18°C)', '$ 33.80']"
849,"['扇屋 - 一口鱈魚芝士條 2.8g x 48本 (4970765131126) 一口芝士零食 扇屋', '$ 37.80']"
850,"['金御豐 - 【2包裝】馬來西亞白魚丸 #大大粒#彈牙#bbq#火鍋#魚蛋 (300g)(急凍)(到期日: 31/05/2023 或 30/09/2023 之前)', '$ 53.00']"
851,"['大街市 - 港式蝦滑拼墨魚滑(急凍-18°C)#火鍋#墨魚丸#蝦丸', '$ 58.50']"
852,"['風味牌 - 日式吞拿魚餐 x 4', '$ 55.00']"
853,"['GNA HK - 韓國明太魚籽餃子630g(急凍)', '$ 60.00']"
854,"['盞記 - 頂級鱷魚肉乾 (2両袋裝)', '$ 60.00']"
855,"['尚品 - 尚品回味鮑-紅燒一口鮑魚(6隻裝)(180克)x3罐 #秘製紅燒汁 #一口鮑 #即食鮑魚 #加餸首選', '$ 108.00']"
856,"['珠江橋牌 - 豆豉鯪魚 150g x 2', '$ 40.00']"
857,"['風味牌 - 美式吞拿魚餐 x 4', '$ 55.00']"
858,"['葡國老人牌 - 辣欖油沙甸魚 x 3', '$ 50.00']"
859,"['Orion - 東洋紫菜味魚仔餅-盒裝 3x33g', '$ 17.50']"
860,"['盛田 - [日本直送] 萬能和風昆布鰹魚汁(2倍) x 2', '$ 42.50']"
861,"['尚品 - [即開即食] 尚品阿福鮑魚(四隻裝) x4罐', '$ 248.00']"
862,"['NINBEN - 日本3倍濃厚鰹魚醬油鰹魚汁1000ml (#001316)', '$ 60.00']"
863,"['官燕棧 - 紅燒鮑魚4頭 200克 x 3罐優惠裝', '$ 108.00']"
864,"['YAMAKI - 鰹魚粉 鰹魚湯 底包 調味粉包 汁 4g×(54袋+增量3袋)平行進口 (4903065061367)', '$ 19.90']"
865,"['大澳老友記 - 大地魚粉', '$ 60.00']"
866,"['GNA HK - 韓國氣炸脆皮拉絲芝士魚肉腸熱狗(400g)(急凍)', '$ 60.00']"
867,"['大街市 - 石班魚柳 (急凍-18°C)#海鮮#氣炸#煎焗', '$ 40.00']"
868,"['知味 - 泰國風琴魷魚 80克', '$ 65.00']"
869,"['美味牌 - 礦泉水浸吞拿魚 x 6', '$ 64.90']"
870,"['金鴨 - (兩包裝) 鹹蛋魚皮 105克/包 (此日期前最佳:19-10-2023) #火鍋 #打邊爐 #零食 #炸魚皮 #魚皮 #咸蛋魚皮 #新加坡', '$ 112.00']"
871,"['Seoul G&B - [韓國直送] 惹味魚乾條 #送酒一流', '$ 20.00']"
872,"['大囍慶 - 滋味魚湯麵(2包)', '$ 60.00']"
873,"['官燕棧 - 清湯鮑魚6-8頭425克', '$ 128.00']"
874,"['LEADER MARINE - 急凍日本油甘魚鮫 (5隻裝x2)', '$ 220.00']"
875,"['魚陣營 - 羅定魚腐 - (急凍) #火鍋 #打邊爐 #氣炸 #BBQ', '$ 17.90']"
876,"['漁鮮快遞  - 長洲大魚蛋(9-10粒) 1磅 (急凍)', '$ 38.00']"
877,"['YAMAKI - [日本直送] 鰹魚湯底湯包54包裝 #高湯', '$ 23.90']"
878,"['濱濤 - Bento超味魷魚(香辣)(藍) (12+(1包甜辣味)*4g)', '$ 20.00']"
879,"['Tableland - 日本越光米即食鯛魚粥 1人前 250g x2包 (038304/粉)', '$ 38.00']"
880,"['宗家府 - 魷魚泡菜(冷凍)', '$ 29.90']"
881,"['Tableland - 日本越光米即食鮭魚粥 1人前 250g x2包 (038052/橙)', '$ 38.00']"
882,"['大發 - 大發 鱈魚絲零食 8g X 5 小包(絲)', '$ 12.50']"
883,"['李錦記 - 蒸魚豉油 x 2', '$ 37.80']"
884,"['KANETA - 鮭魚鬆 120g', '$ 37.00']"
885,"['上環海味佬辦館 - 紅燒魚柳 #香辣魚柳 半磅裝225g #香港品牌#懷舊小食', '$ 55.00']"
886,"['家樂牌 - 鮑魚雞湯快熟通心粉 x 5', '$ 36.00']"
887,"['Na - 5包 韓國魚乾 香烤魚片 (辣味) (5g) 送酒小食 韓國零食 送酒必備 (平行進口)新舊包裝隨機發貨', '$ 20.00']"
888,"['LEADER MARINE - 急凍ASC越南鯰魚柳 (約6-8條)', '$ 63.00']"
889,"['濱濤 - Bento超味魷魚(甜辣)(紅) (12+1包*4g)', '$ 20.00']"
890,"['御壹工房 - 蓮藕章魚螺片燉豬展湯 #加熱即飲湯包 #含湯料', '$ 34.00']"
891,"['善字牌 - 善字牌魚肉腸 6條裝 (1條22g) x 3包 (4902782004268_3)[善字牌]', '$ 29.70']"
892,"['順南 - 原味即飲燉湯 (人參雞湯, 茶樹菇雞湯, 紅棗雞湯, 蟲草花雞湯, 章魚節瓜燉瘦肉湯, 陳皮冬瓜燉鴨腿湯, 青紅蘿蔔燉瘦肉湯) 500g x 7packs 各1包', '$ 245.00']"
893,"['艦長牌 - 煙燻鱈魚魚肝 x2 #無糖 #生酮 #低碳', '$ 57.00']"
894,"['阿一鮑魚 - 阿一紅燒鮑魚乾鮑口味(6隻罐裝)', '$ 328.00']"
895,"['御壹工房 - 天麻川芎白芷燉魚頭湯 #加熱即飲湯包 #含湯料', '$ 38.00']"
896,"['大孖 - 秘撈魚蛋醬 340g (撈魚蛋、燒賣或粉麵)', '$ 42.00']"
897,"['葡國老人牌 - 欖油沙甸魚 x 3', '$ 50.00']"
898,"['魚陣營 - [火鍋特選裝]陣陣魚麵[4個麵餅]-(急凍) #火鍋 #打邊爐 #氣炸 #BBQ', '$ 59.80']"
899,"['上環海味佬辦館 - 泰國原隻魷魚吊片 90g #香辣魷魚吊片 #微辣且鮮味#炭燒', '$ 60.00']"
900,"['金鴨 - 金鴨 鹹蛋魚皮 105克/包 (此日期前最佳:19-10-2023) #火鍋 #打邊爐 #零食 #炸魚皮 #魚皮 #咸蛋魚皮 #新加坡', '$ 59.00']"
901,"['艦長牌 - 煙鱈魚魚肝(無糖、 無味精、 生酮友好、 低碳)❤️ 口感軟嫩滑順 似鵝肝入口即化❤️ #含豐富奧米加3，維他命A及D #不含添加劑 #新嫩無比', '$ 33.90']"
902,"['永樂粉麵廠 - [粗麵/12隻裝]極上鮑魚蝦子粗麵 (麵湯融合 無須調味 本地新鮮製造)', '$ 92.00']"
903,"['余仁生 - 章魚蓮藕花膠赤小豆豬腱湯', '$ 59.00']"
904,"['Highland Smoked Salmon - (香草) 蘇格蘭煙三文魚 100克 (急凍-18°C) #此日期前最佳 2024年5月3日', '$ 60.00']"
905,"['韓國南大門 - 韓國南大門老爺爺 香脆魚骨粒粒 200g包裝 (+/-5g) [人氣手信] 韓國最強手信 口感酥脆 採用深海魚骨 香味濃郁 豐富鈣質 100%純天然 無添加任何防腐劑和色素 營養又健康 韓國製造 平行', '$ 88.00']"
906,"['四季養生茶館 - 即焗湯包 川貝鱷魚肉平喘湯 (45g) 免煲免燉湯包', '$ 52.00']"
907,"['大街市 - 啖啖肉好好餸套餐(急凍-18°C)#foodies比目魚扒#西班牙豬肉#丹麥雞#海鮮#煎焗', '$ 108.00']"
908,"['知味 - 泰國蜜辣魷魚片 濕魷魚 145克', '$ 65.00']"
909,"['珠江橋牌 - 豆豉鯪魚 x 2', '$ 53.00']"
910,"['港優糧 - 古法煉黑毛豬油 250g【100％香港製造】(生銅飲食 豬油拌飯、炒有機菜、煎魚、炒飯，古早農家菜味道 懷舊小食 無防腐劑 無添加 豬油膏)', '$ 78.00']"
911,"['HOTEI - 半油低卡吞拿魚 (3罐裝) 210g (品嘗期限:2025.8.8)', '$ 27.90']"
912,"['AHA - 啊哈韓國鮑魚餃子 275克 (1包) (急凍 -18°C)', '$ 50.00']"
913,"['時興隆 - 2包金龜嘜魷魚絲(大) (21克 X 2)', '$ 68.00']"
914,"['安記海味 - 泰國鱷魚肉乾(4兩裝) X2包', '$ 240.00']"
915,"['Siam - 超大白飯魚200g #海鮮 #魚柳 #三文魚 #銀雪魚', '$ 45.00']"
916,"['肉鮮生 - 南非天然鱷魚肉(急凍-18°C)', '$ 58.00']"
917,"['萬順昌 - 紅燒魚柳 (1磅約450g) (懷舊小食 甜中帶微辣) [P171]', '$ 98.00']"
918,"['Aqua East - 冰島格陵蘭野生有皮比目魚柳扒3件裝 (360g) 急凍-18°C 492609', '$ 52.00']"
919,"['東京食品 - 南大門老爺爺 辣味手撕香魷魚條 [人氣手信] 佐酒小食(最新加辣版 )', '$ 88.00']"
920,"['地捫 - 茄汁沙甸魚(細罐) x 2', '$ 37.80']"
921,"['珠江橋牌 - Ⓕ罐 · ❤️快閃❤️ 豆豉鯪魚 (184g❎3) 珠江橋牌豆豉鯪魚 罐頭 魚罐頭 平行進口 #salesflash', '$ 67.90']"
922,"['CJ - Hetbahn 鮑魚健康即食飯 200g', '$ 38.00']"
923,"['日清 - 日本合味道輕量版 - 鰹魚肉湯烏冬 63g x 3', '$ 45.00']"
924,"['高級日本米 - 日本米 (極良) 新潟県魚沼產越之光米 2 kg', '$ 198.00']"
925,"['大發 - 大發 鱈魚絲零食 120g X 2 包 (原塊)', '$ 55.00']"
926,"['尚品 - 尚品回味鮑-紅燒鮑魚(2隻裝)(380克) x4罐', '$ 268.00']"
927,"['知味 - 泰國惹味魷魚片 105克', '$ 65.00']"
928,"['安記海味 - 安記星廚系列優惠孖裝 (3-4隻裝) 【台灣製造】[極品紅燒鮑魚 / 至尊干貝鮑魚 各一罐]', '$ 84.00']"
929,"['MORRIS - 减肥薯片試食裝 非油炸雞胸肉脆片 燒烤味/酸忌廉洋蔥味/魷魚味/紫菜芥辣味（生酮 低卡0糖 無麩質 低醣飲食 糖尿病）', '$ 83.00']"
930,"['阿一鮑魚 - 阿一紅燒蠔皇鮑魚(中罐)', '$ 45.00']"
931,"['李錦記 - 魚香茄子醬', '$ 20.00']"
932,"['尚品 - [熱賣No.1] 尚品回味鮑魚(紅燒汁4頭)(160克) x3罐 (新舊包裝隨機發貨) #即開即食 #罐頭鮑魚', '$ 108.00']"
933,"['名冠環球 - 正宗泰國鱷魚肉 (75克) #煲湯#止咳潤肺#熱賣#兔年禮盒#送禮#湯料#高級食材#滋陰補腎#打邊爐#海味#滋陰養顏', '$ 78.00']"
934,"['漁鮮快遞 - 許記鱈魚燒賣300g (內付醬汁)(急凍)', '$ 41.80']"
935,"['永樂粉麵廠 - [幼麵/5隻裝]濃香魚湯芫荽幼麵 (麵湯融合 無須調味 本地新鮮製造)', '$ 59.00']"
936,"['CookCookLand - 脆肉鯇魚片 250g (急凍)', '$ 54.00']"
937,"['大團圓 - 無添加海底椰川貝鱷魚肉湯', '$ 56.00']"
938,"['知味 - 泰國原隻魷魚吊片 80克', '$ 65.00']"
939,"['公仔牌 - 魚肉燒賣 4件裝(急凍)', '$ 49.00']"
940,"['名冠環球 - 魚翅金骨 (一斤裝) #煲湯#補鈣骨膠原#熱賣', '$ 178.00']"
941,"['三蟹嘜 - 上等頭遍魚露 682毫升', '$ 75.00']"
942,"['阿一鮑魚 - 紅燒花菇鮑魚(4-6隻袋裝)', '$ 88.00']"
943,"['Apple Monkey - [10包]嬰幼兒有機DHA牙仔餅(低敏)-藍莓士多啤梨7m+BB[營養導師推介]魚油 奧米加 無麩質無牛奶無雞蛋 低敏 磨牙手抓 健康零食 加固 濕疹敏感 低糖低納不熱氣 獨立包裝 [官方正貨]', '$ 40.00']"
944,"['尾西 - 日本便利沖泡即食飯團-鮭魚 x 2 (行山/露營/户外食品/冷熱水均可)', '$ 44.00']"
945,"['珠江橋牌 - 豆豉鯪魚 x 3', '$ 77.00']"
946,"['珠江橋牌 - 豆豉鯪魚 227g × 3罐裝', '$ 82.00']"
947,"['CoolFood - (足1磅！) 挪威三文魚扒(急凍) #油甘#香煎#Omega3#DHA#海鮮#礦物質#三文魚#西餐#煎魚扒#(急凍)', '$ 83.90']"
948,"['韓國 - 韓國平烤魚乾(大) 250g 約12-14片) 平烤魚干 平行進口 此日期或之前食用：2023年06月15日', '$ 128.00']"
949,"['美味牌 - 葵花籽油浸吞拿魚 x 6', '$ 61.90']"
950,"['皇滋味 - 橄欖油浸沙甸魚', '$ 27.00']"
951,"['寶寶百味 - 即食米米粥 (菠菜虱目魚粥)', '$ 36.00']"
952,"['家樂牌 - 濃湯寶鮮魚濃湯4粒裝 x 3 (新舊包裝隨機發放)', '$ 49.00']"
953,"['李錦記 - 金湯酸菜魚醬', '$ 59.90']"
954,"['原味巡禮 - 淡水魚酥 (150g)', '$ 26.00']"
955,"['善字牌 - 8枝裝辣魚肉腸', '$ 20.50']"
956,"['時興隆 - 金龜嘜魷魚絲 7g x 3包', '$ 28.50']"
957,"['寶寶百味 - 即食米米粥 (昆布三文魚)', '$ 36.00']"
958,"['SUNYO - [日本直送] 日本 吞拿魚罐頭(無油) (70GX3罐)', '$ 37.90']"
959,"['DAISHO - [日本直送] 鮮魚亭五重鮮火鍋湯底 (鰹魚/鯛魚/昆布/蠔/香菇) #打邊爐 #可樂 #海鮮 #啤酒', '$ 24.90']"
960,"['家樂牌 - 味之素三文魚菠菜湯螺絲粉 [日本直送] #杯麵', '$ 26.50']"
961,"['御壹工房 - 鮑魚花膠螺片燉雞湯 #加熱即飲湯包 #含湯料 ［此日期前最佳：2023年10月18日］', '$ 49.00']"
962,"['珠江橋牌 - 豆豉鯪魚', '$ 25.90']"
963,"['官燕棧 - 鯊魚骨姬松茸滋補湯(包)', '$ 43.00']"
964,"['昭和 - 日本章魚燒粉  [新舊包裝隨機出貨]', '$ 23.00']"
965,"['上環海味佬辦館 - 大地魚粉 300g/包', '$ 64.00']"
966,"['李錦記 - 蒸魚豉油 x 2', '$ 25.00']"
967,"['阿一鮑魚 - 阿一紅燒元貝鮑魚(中罐)', '$ 45.00']"
968,"['OmniFoods - 新魚堡 (植物製炸素魚漢堡扒)', '$ 43.00']"
969,"['南大門 - [韓國直送] 手工芝麻海苔飯素 - 鰹魚味', '$ 35.00']"
970,"['東京食品 - 南大門老爺爺煙薰魷魚肉絲 -韓國超人氣零食商品 佐酒小食', '$ 98.00']"
971,"['天目堂 - 泰國魷魚片 100克', '$ 40.00']"
972,"['為食寶寶 - 金湯酸菜魚 - 內附魚片+酸菜湯包 350g (急凍) #火鍋湯底#打邊爐', '$ 59.00']"
973,"['三蟹嘜 - 上等頭遍魚露 300毫升', '$ 43.00']"
974,"['CJ Bibigo - 即食粥 420g - 海帶鮑魚粥 x2 [平行進口] **貨品包裝將隨機發出**', '$ 75.00']"
975,"['李錦記 - 蠔皇極品鮑魚', '$ 50.00']"
976,"['地捫 - [日本製造] 地捫日式檸檬汁沙甸魚 x 4', '$ 59.00']"
977,"['壽桃牌 - 壽桃鮑魚麵禮盒 (12個裝)', '$ 68.00']"
978,"['十全特好 - 菊鶴鰹極上之味噌 #台灣 #鰹魚 #昆布 #湯底 (此日期前最佳: 2023/04/10)', '$ 40.00']"
979,"['PrimeFood - 台式 味職之工房 純天然墨魚汁香腸 (急凍:存放-18℃)#台灣#小食#氣炸鍋', '$ 42.50']"
980,"['CookCookLand - 重慶酸菜去骨脆魚片 (酸菜魚) 830g (急凍)', '$ 68.00']"
981,"['家樂牌 - 濃湯寶鮮魚濃湯4粒裝', '$ 17.50']"
982,"['原味巡禮 - 淡水魚酥（辣味）', '$ 24.50']"
983,"['地捫 - [日本製造] 地捫日式辣油沙甸魚 x 4', '$ 59.00']"
984,"['和光堂 - 幼兒小魚加鈣米餅 2枚 x 6袋/盒 (平行進口貨) 7M+', '$ 22.00']"
985,"['Na - 10包 韓國魚乾 香烤魚片 (辣味) (5g) 送酒小食 韓國零食 送酒必備 (平行進口) 新舊包裝隨機發送', '$ 53.00']"
986,"['口碑 - 俄羅斯鱘 魚子醬 (10g) #即開即食 #前菜 #小食', '$ 298.00']"
987,"['灣仔碼頭 - 青花椒鱈魚水餃9粒裝(急凍-18°C)', '$ 18.00']"
988,"['全城熱賣 - [海] · ❤️e閃購❤️ 鮟鱇魚肝 (200± 安康魚肝) 急凍 加熱即食 #salessea', '$ 40.00']"
989,"['扇屋 - 一口鱈魚芝士條', '$ 49.90']"
990,"['御壹工房 - 節瓜章魚排骨湯 #加熱即飲湯包 #含湯料', '$ 38.00']"
991,"['LEADER MARINE - 急凍智利斜切三文魚扒', '$ 40.00']"
992,"['ST. JAMES SMOKEHOUSE - 優質蘇格蘭煙熏三文魚切片 100g (急凍 -18°C)', '$ 78.00']"
993,"['Yumbah - 澳洲青邊鮑魚 (10-20隻/盒)(急凍-18°C)', '$ 278.00']"
994,"['小老板 - 燒紫菜卷 - 香辣魷魚味', '$ 22.90']"
995,"['Apple Monkey - [10包]嬰幼兒有機DHA牙仔餅(低敏)-菠菜 7m+BB[營養導師推介]魚油 奧米加3 無麩質無牛奶無雞蛋 低敏 磨牙手抓 健康零食 加固 濕疹敏感 米餅牙仔餅 低糖低納不熱氣 獨立包裝[官方正貨]', '$ 45.90']"
996,"['尚品 - 海鱸魚花膠筒(45-55隻/盒)(130克) #抵食花膠推介 #適合燜煮', '$ 228.00']"
997,"['知味 - 磯燒辣味魷魚絲 250克', '$ 65.00']"
998,"['安記海味 - 大地魚粉 (250克裝)', '$ 75.00']"
999,"['安記海味 - 安記至尊干貝鮑魚(3-4隻裝)(180g) 【台灣製造】', '$ 42.00']"
